#,id,address,city,street_with_building,apartment_number,rooms,area_m2,price,price_m2,link,img_url,created_at
1,853908,"Räga tn 10, Pikaliiva, Haabersti",Tallinn,Räga tn 10,,2,55,169000,3056.06,https://kinnisvara24.ee/korter-muuk-tallinn/240853908,https://src.kv24.ee/uploads/a1/images/a34f7a0c-3b70-4b0f-bf6c-d30f68adb722.jpg,2025-06-22T12:45:12.000000+03:00
2,853900,"Järveotsa tee 43, Väike-Õismäe, Haabersti",Tallinn,Järveotsa tee 43,,1,33,83000,2538.23,https://kinnisvara24.ee/korter-muuk-tallinn/240853900,https://src.kv24.ee/uploads/a1/images/fb80770f-dd2b-49f6-9a59-01579ad3a8bf.jpg,2025-06-22T11:45:54.000000+03:00
3,853892,"Harju maakond, Tallinn, Põhja-Tallinna linnaosa, Kungla tn 28/1",Tallinn,Kungla tn 28/1,,2,52,175000,3365.38,https://kinnisvara24.ee/korter-muuk-tallinn/240853892,https://src.kv24.ee/uploads/a1/images/08cae1db-5bb3-4888-909b-63bd71252343.jpg,2025-06-22T09:57:28.000000+03:00
4,853883,"Narva mnt 174b/2, Lasnamäe linnaosa, Tallinn, Harju maakond",Tallinn,Narva mnt 174b/2,22,0,51,149000,2915.85,https://kinnisvara24.ee/korter-muuk-tallinn/240853883,https://src.kv24.ee/uploads/a1/images/fc27edf7-013c-49f7-beae-cd3dd8ce2ebd.jpg,2025-06-21T21:55:36.000000+03:00
5,853834,"Rõugu 1/2, Haabersti linnaosa, Tallinn, Harju maakond",Tallinn,Rõugu tn 1/2,49,4,87,259000,2987.31,https://kinnisvara24.ee/korter-muuk-tallinn/240853834,https://src.kv24.ee/uploads/a1/images/acea0a98-ddfe-45d2-822e-a91370670169.jpg,2025-06-21T07:55:32.000000+03:00
6,842223,"Tammsaare tee 121, Mustamäe linnaosa, Tallinn, Harju maakond",Tallinn,A. H. Tammsaare tee 121,3,3,47,124000,2649.57,https://kinnisvara24.ee/korter-muuk-tallinn/240842223,https://src.kv24.ee/uploads/a1/images/aa9f6f97-0779-46e0-95d4-bb86e0e3409a.jpg,2025-04-05T12:57:22.000000+03:00
7,801157,"Härjapea tn 6/1, Põhja-Tallinn",Tallinn,Härjapea tn 6/1,,3,42,140000,3365.38,https://kinnisvara24.ee/korter-muuk-tallinn/240801157,https://src.kv24.ee/uploads/a1/images/032ad0ad-974d-4070-99b2-714a0250b2ec.jpg,2024-08-02T14:12:52.000000+03:00
8,853827,"Uuslinna 9/1, Kesklinna linnaosa, Tallinn, Harju maakond",Tallinn,Uuslinna tn 9/1,1,3,79,281000,3561.47,https://kinnisvara24.ee/korter-muuk-tallinn/240853827,https://src.kv24.ee/uploads/a1/images/91ca5c47-e9c8-4ac9-9656-d570916f95a5.jpg,2025-06-20T21:55:38.000000+03:00
9,853818,"Jõeküla tee 18/2, Haabersti linnaosa, Tallinn, Harju maakond",Tallinn,Jõeküla tee 18/2,8,2,51,197000,3870.33,https://kinnisvara24.ee/korter-muuk-tallinn/240853818,https://src.kv24.ee/uploads/a1/images/b60a9f41-f4a3-4674-a4f4-037d11fe5ad3.jpg,2025-06-20T19:55:36.000000+03:00
10,853803,"Luste tn 5, Põhja-Tallinn",Tallinn,Luste tn 5,,2,46,162000,3506.49,https://kinnisvara24.ee/korter-muuk-tallinn/240853803,https://src.kv24.ee/uploads/a1/images/32623bde-58d4-4c8d-8839-49e44a6364a1.jpg,2025-06-20T17:15:16.000000+03:00
11,853721,"E. Vilde tee 132, Mustamäe, Mustamäe",Tallinn,E. Vilde tee 132,,2,44,111111,2542.59,https://kinnisvara24.ee/korter-muuk-tallinn/240853721,https://src.kv24.ee/uploads/a1/images/b5bfdc7b-01a1-43c0-b8b7-b5afe7cbd7a5.jpg,2025-06-20T05:25:14.000000+03:00
12,853717,"Sõle tn 25b/1, Põhja-Tallinn",Tallinn,Sõle tn 25b/1,,3,74,198000,2672.06,https://kinnisvara24.ee/korter-muuk-tallinn/240853717,https://src.kv24.ee/uploads/a1/images/ed5e840f-5af5-412a-92c0-8a4bca53843a.jpg,2025-06-19T23:35:15.000000+03:00
13,844338,"Harju maakond, Tallinn, Kesklinna linnaosa, Videviku tn 16",Tallinn,Videviku tn 16,19,2,36,162290,4470.8,https://kinnisvara24.ee/korter-muuk-tallinn/240844338,https://src.kv24.ee/uploads/a1/images/dc347bf0-d677-451b-a0b7-ed638b5c801f.jpg,2025-04-20T21:25:43.000000+03:00
14,842287,"Harju maakond, Tallinn, Mustamäe linnaosa, Kadaka pst 146/2",Tallinn,Kadaka pst 146/2,,3,75,260000,3457.45,https://kinnisvara24.ee/korter-muuk-tallinn/240842287,https://src.kv24.ee/uploads/a1/images/41597ad1-60da-4b18-8533-69c112d4741d.jpg,2025-04-07T21:02:53.000000+03:00
15,833017,"Harju maakond, Tallinn, Pirita linnaosa, Pune tee 4/1",Tallinn,Pune tee 4/1,16,3,64,212000,3297.05,https://kinnisvara24.ee/korter-muuk-tallinn/240833017,https://src.kv24.ee/uploads/a1/images/419eade7-1313-4f8a-b9b8-5106bd5d4835.jpg,2025-02-04T10:35:15.000000+02:00
16,853580,"Harju maakond, Tallinn, Kesklinna linnaosa, Joa tn 9/2",Tallinn,Joa tn 9/2,15,3,90,279900,3099.67,https://kinnisvara24.ee/korter-muuk-tallinn/240853580,https://src.kv24.ee/uploads/a1/images/0e3da2b4-0fbd-4f84-ac20-fd0b82c7e455.jpg,2025-06-18T22:25:17.000000+03:00
17,853564,"Siidisaba tn 14/1, Kristiine linnaosa, Tallinn, Harju maakond",Tallinn,Siidisaba tn 14/1,11,2,54,214555,3958.58,https://kinnisvara24.ee/korter-muuk-tallinn/240853564,https://src.kv24.ee/uploads/a1/images/9ebe18bd-629d-4bec-b23f-bc55d422ac94.jpg,2025-06-18T17:56:40.000000+03:00
18,853489,"Harju maakond, Tallinn, Nõmme linnaosa, Trummi põik 5",Tallinn,Trummi põik 5,,3,60,179950,2999.17,https://kinnisvara24.ee/korter-muuk-tallinn/240853489,https://src.kv24.ee/uploads/a1/images/5a63f359-8e33-4b1d-9ed7-710f9ad26e23.jpg,2025-06-18T10:05:50.000000+03:00
19,851767,"Harju maakond, Tallinn, Mustamäe linnaosa, Retke tee 30",Tallinn,Retke tee 30,58,2,44,112500,2539.5,https://kinnisvara24.ee/korter-muuk-tallinn/240851767,https://src.kv24.ee/uploads/a1/images/d3c10dd2-41b2-49d7-aca4-993b39033093.jpg,2025-06-06T13:15:08.000000+03:00
20,853441,"Pille 7/3, Kesklinna linnaosa, Tallinn, Harju maakond",Tallinn,Pille tn 7/3,,2,35,183900,5224.43,https://kinnisvara24.ee/korter-muuk-tallinn/240853441,https://src.kv24.ee/uploads/a1/images/e3d2519a-6054-460e-a936-af1ea80d3d8f.jpg,2025-06-17T21:55:34.000000+03:00
21,831574,"Harju maakond, Tallinn, Haabersti linnaosa, Vabaõhumuuseumi tee 5/2",Tallinn,Vabaõhumuuseumi tee 5/2,,3,83,244000,2939.76,https://kinnisvara24.ee/korter-muuk-tallinn/240831574,https://src.kv24.ee/uploads/a1/images/258f58fd-38d2-47d1-99c1-a7e2c56607ea.jpg,2025-01-24T14:26:01.000000+02:00
22,853436,"Harju maakond, Tallinn, Mustamäe linnaosa, Sõpruse pst 238",Tallinn,Sõpruse pst 238,57,2,43,105000,2441.86,https://kinnisvara24.ee/korter-muuk-tallinn/240853436,https://src.kv24.ee/uploads/a1/images/e2184e7f-4bf0-49b3-a096-fc006dc30fe7.jpg,2025-06-17T21:05:55.000000+03:00
23,853375,"Harju maakond, Tallinn, Kesklinna linnaosa, Tatari tn 27",Tallinn,Tatari tn 27,,3,71,247000,3478.87,https://kinnisvara24.ee/korter-muuk-tallinn/240853375,https://src.kv24.ee/uploads/a1/images/f96dbbdb-c52f-4b3f-a307-e183ad68ba25.jpg,2025-06-17T15:27:09.000000+03:00
24,845365,"Mardi tn 14/1, Kesklinn",Tallinn,Mardi tn 14/1,,4,93,287000,3099.35,https://kinnisvara24.ee/korter-muuk-tallinn/240845365,https://src.kv24.ee/uploads/a1/images/d56f324d-ca91-4b76-8da6-d9c09eeb1a88.jpg,2025-04-28T09:35:24.000000+03:00
25,794362,"Padriku tee 6/2, Mähe, Pirita",Tallinn,Padriku tee 6/2,,3,107,250000,2327.75,https://kinnisvara24.ee/korter-muuk-tallinn/240794362,https://src.kv24.ee/uploads/a1/images/6a4883da-c809-464b-858c-b3b70dd702a0.jpg,2024-07-01T15:46:01.000000+03:00
26,851692,"Astangu tn 19/3, Astangu, Haabersti",Tallinn,Astangu tn 19/3,,2,49,169000,3434.96,https://kinnisvara24.ee/korter-muuk-tallinn/240851692,https://src.kv24.ee/uploads/a1/images/26cc94cc-7a5e-4d60-98ca-f88e12413aae.jpg,2025-06-05T23:45:40.000000+03:00
27,853282,"Harju maakond, Tallinn, Põhja-Tallinna linnaosa, Väike-Patarei tn 11",Tallinn,Väike-Patarei tn 11,3,2,60,169000,2816.67,https://kinnisvara24.ee/korter-muuk-tallinn/240853282,https://src.kv24.ee/uploads/a1/images/8b203b23-40a1-450a-8c2b-9b99036662eb.jpg,2025-06-17T00:17:33.000000+03:00
28,853266,"Pikksilma 2/2, Kesklinna linnaosa, Tallinn, Harju maakond",Tallinn,Pikksilma tn 2/2,,3,68,338000,5007.41,https://kinnisvara24.ee/korter-muuk-tallinn/240853266,https://src.kv24.ee/uploads/a1/images/6fe0acad-6272-4bdb-846d-8234e038b354.jpg,2025-06-16T21:55:39.000000+03:00
29,853233,"Paekalda tn 23/1, Lasnamäe linnaosa, Tallinn, Harju maakond",Tallinn,Paekalda tn 23/1,2,2,74,337500,4554.66,https://kinnisvara24.ee/korter-muuk-tallinn/240853233,https://src.kv24.ee/uploads/a1/images/fd5a1b0c-40c6-4093-b376-3092d9372d84.jpg,2025-06-16T16:55:53.000000+03:00
30,853229,"Kärneri tn 1/1, Haabersti, Haabersti",Tallinn,Kärneri tn 1/1,,3,67,230000,3458.65,https://kinnisvara24.ee/korter-muuk-tallinn/240853229,https://src.kv24.ee/uploads/a1/images/47dfa604-2b97-4493-afd8-d22cb1d974b0.jpg,2025-06-16T16:35:14.000000+03:00
31,725246,"Masti, Pirita linnaosa, Tallinn, Harju maakond",Tallinn,Masti tn 3,,5,253,999500,3950.59,https://kinnisvara24.ee/korter-muuk-tallinn/240725246,https://src.kv24.ee/uploads/a1/images/50dd99ad-fe3f-46fc-b237-4d5ae6625f84.png,2023-08-30T18:03:20.000000+03:00
32,853057,"Jahu tn 1/2, Kalamaja, Põhja-Tallinn",Tallinn,Jahu tn 1/2,,2,33,155900,4667.66,https://kinnisvara24.ee/korter-muuk-tallinn/240853057,https://src.kv24.ee/uploads/a1/images/22e719ac-e9e7-4997-b4b7-4b9a3428d4f9.jpg,2025-06-15T13:25:47.000000+03:00
33,853038,"Uus-Kalamaja 10/3, Põhja-Tallinna linnaosa, Tallinn, Harju maakond",Tallinn,Uus-Kalamaja tn 10/3,2,1,36,179000,5028.09,https://kinnisvara24.ee/korter-muuk-tallinn/240853038,https://src.kv24.ee/uploads/a1/images/ea831b80-4439-4e1a-8d97-189b7c9e940c.jpg,2025-06-15T00:55:35.000000+03:00
34,853007,"Luise tn 28/2, Kesklinn",Tallinn,Luise tn 28/2,,2,34,160000,4761.9,https://kinnisvara24.ee/korter-muuk-tallinn/240853007,https://src.kv24.ee/uploads/a1/images/6a180223-324e-423f-b92a-804761bafcfe.jpg,2025-06-14T18:45:48.000000+03:00
35,850783,"Kiikri tn 6/2, Kadriorg, Kesklinn",Tallinn,Kiikri tn 6/2,,4,135,1295000,9592.59,https://kinnisvara24.ee/korter-muuk-tallinn/240850783,https://src.kv24.ee/uploads/a1/images/f9bef014-8744-4d91-80a0-fae54e3e5bd2.jpg,2025-06-01T21:15:34.000000+03:00
36,852927,"Rävala 11, Kesklinna linnaosa, Tallinn, Harju maakond",Tallinn,Rävala pst 11,1,6,164,575000,3512.52,https://kinnisvara24.ee/korter-muuk-tallinn/240852927,https://src.kv24.ee/uploads/a1/images/36057f99-5a0e-4271-891d-5dd5c885b038.jpg,2025-06-13T18:55:37.000000+03:00
37,390869,"Harju maakond, Tallinn, Haabersti linnaosa, Rõugu tn 2/1",Tallinn,Rõugu tn 2/1,,4,112,359000,3216.85,https://kinnisvara24.ee/korter-muuk-tallinn/240390869,https://s1.kv24.ee/uploads/a1/images/b9313caa-2a57-449e-bfe9-5fe619bc3d43.jpg,2025-03-18T13:19:21.000000+02:00
38,846887,"Harju maakond, Tallinn, Lasnamäe linnaosa, Kivila tn 38",Tallinn,Kivila tn 38,,3,66,157000,2378.79,https://kinnisvara24.ee/korter-muuk-tallinn/240846887,https://src.kv24.ee/uploads/a1/images/24601784-c2ce-4acc-9fb4-4ec41452d8fb.jpg,2025-05-07T11:16:17.000000+03:00
39,771844,"Harju maakond, Tallinn, Lasnamäe linnaosa, Mahtra tn 42",Tallinn,Mahtra tn 42,,2,46,106999,2326.07,https://kinnisvara24.ee/korter-muuk-tallinn/240771844,https://src.kv24.ee/uploads/a1/images/cbc4c976-b509-4ebd-bfb5-a717559b6afa.jpg,2024-04-11T22:26:59.000000+03:00
40,852703,"viru, Kesklinn",Tallinn,viru,,0,50,500000,10000,https://kinnisvara24.ee/korter-muuk-tallinn/240852703,https://src.kv24.ee/uploads/a1/images/e32d9c40-ceb3-4835-bc0b-b03ae7ddd9f9.png,2025-06-12T14:25:34.000000+03:00
41,852687,"Harju maakond, Tallinn, Kesklinna linnaosa, Kaupmehe tn 14 // Kentmanni tn 21 // Liivalaia tn 27",Tallinn,Kentmanni tn 21,11,4,101,302000,2990.1,https://kinnisvara24.ee/korter-muuk-tallinn/240852687,https://src.kv24.ee/uploads/a1/images/7391d59f-a99d-4648-9c71-e76c0dc65a24.png,2025-06-12T13:16:54.000000+03:00
42,852686,"Valdeku tn 8a, Nõmme linnaosa, Tallinn, Harju maakond",Tallinn,Valdeku tn 8a,K1/1,0,34,155000,4585.8,https://kinnisvara24.ee/korter-muuk-tallinn/240852686,https://src.kv24.ee/uploads/a1/images/d161dfc0-9b97-486b-8620-5639946044cb.jpg,2025-06-12T12:56:05.000000+03:00
43,852685,"Valdeku tn 8a, Nõmme linnaosa, Tallinn, Harju maakond",Tallinn,Valdeku tn 8a,K1/2,0,34,159000,4704.14,https://kinnisvara24.ee/korter-muuk-tallinn/240852685,https://src.kv24.ee/uploads/a1/images/b3194652-e6e5-4a5c-8d0a-de4e41d15644.jpg,2025-06-12T12:55:57.000000+03:00
44,852669,"Valdeku tn 8a, Nõmme linnaosa, Tallinn, Harju maakond",Tallinn,Valdeku tn 8a,K1,0,68,311000,4600.59,https://kinnisvara24.ee/korter-muuk-tallinn/240852669,https://src.kv24.ee/uploads/a1/images/c5f3733c-4f0d-4d28-a2e5-e2902b111ba6.jpg,2025-06-12T11:56:15.000000+03:00
45,852654,"Valdeku tn 8a, Nõmme linnaosa, Tallinn, Harju maakond",Tallinn,Valdeku tn 8a,K2,0,77,355000,4598.45,https://kinnisvara24.ee/korter-muuk-tallinn/240852654,https://src.kv24.ee/uploads/a1/images/67180e00-efe7-45c3-a611-1493312c16c4.jpg,2025-06-12T10:55:50.000000+03:00
46,852612,"Harju maakond, Tallinn, Haabersti linnaosa, Hansu tn 38/3",Tallinn,Hansu tn 38/3,,2,49,145000,2941.18,https://kinnisvara24.ee/korter-muuk-tallinn/240852612,https://src.kv24.ee/uploads/a1/images/062ac167-7c29-45f4-ae16-569030948ac5.jpg,2025-06-11T21:13:16.000000+03:00
47,852575,"Paljandi 2/2, Haabersti linnaosa, Tallinn, Harju maakond",Tallinn,Paljandi tn 2/2,37b,2,55,189000,3448.91,https://kinnisvara24.ee/korter-muuk-tallinn/240852575,https://src.kv24.ee/uploads/a1/images/b3b60705-a02e-4065-bdf9-ca89d9648f91.jpg,2025-06-11T15:56:40.000000+03:00
48,848337,"Uus-Volta 12/3, Põhja-Tallinna linnaosa, Tallinn, Harju maakond",Tallinn,Uus-Volta tn 12/3,5,2,47,239000,5095.95,https://kinnisvara24.ee/korter-muuk-tallinn/240848337,https://src.kv24.ee/uploads/a1/images/8226e11a-df9c-46a3-a207-3651bcfe7f64.jpg,2025-05-15T18:56:08.000000+03:00
49,852436,"Vana-Rannamõisa tee 1d/3, Haabersti linnaosa, Tallinn, Harju maakond",Tallinn,Vana-Rannamõisa tee 1d/3,6,2,46,152900,3331.15,https://kinnisvara24.ee/korter-muuk-tallinn/240852436,https://src.kv24.ee/uploads/a1/images/dd0a962a-b2d8-48b6-9d87-fc63bfba8c0d.jpg,2025-06-10T22:55:41.000000+03:00
50,852283,"Sõpruse pst 22/8, Lilleküla, Kristiine",Tallinn,Sõpruse pst 22/8,,4,104,335500,3232.18,https://kinnisvara24.ee/korter-muuk-tallinn/240852283,https://src.kv24.ee/uploads/a1/images/4e5929bf-9a2e-43df-96d3-d4c69e6b6b3b.jpg,2025-06-10T10:40:10.000000+03:00
51,852282,"Kopli tn 52/1, Kalamaja, Põhja-Tallinn",Tallinn,Kopli tn 52/1,,1,27,118000,4386.62,https://kinnisvara24.ee/korter-muuk-tallinn/240852282,https://src.kv24.ee/uploads/a1/images/7a992eb4-43f1-4c78-918d-02cc48029b2b.jpg,2025-06-10T10:40:06.000000+03:00
52,852278,"Kiisa tn 5, Kitseküla, Kesklinn",Tallinn,Kiisa tn 5,,2,39,139000,3601.04,https://kinnisvara24.ee/korter-muuk-tallinn/240852278,https://src.kv24.ee/uploads/a1/images/af4fcab7-9826-4a82-8a79-eb40ed0a05f7.jpg,2025-06-10T10:40:03.000000+03:00
53,852275,"Kopli tn 83, Kopli, Põhja-Tallinn",Tallinn,Kopli tn 83,,2,53,159000,3000,https://kinnisvara24.ee/korter-muuk-tallinn/240852275,https://src.kv24.ee/uploads/a1/images/649f2235-1182-4f9e-8f59-478ed3d71dab.jpg,2025-06-10T10:40:00.000000+03:00
54,852276,"Madara tn 13a, Lilleküla, Kristiine",Tallinn,Madara tn 13a,,2,25,114500,4561.75,https://kinnisvara24.ee/korter-muuk-tallinn/240852276,https://src.kv24.ee/uploads/a1/images/6ecb002e-6879-4b69-a3d1-e7fb9e5ebe33.jpg,2025-06-10T10:40:00.000000+03:00
55,852197,"Harju maakond, Tallinn, Haabersti linnaosa, Järveotsa tee 25",Tallinn,Järveotsa tee 25,,3,66,131000,1984.85,https://kinnisvara24.ee/korter-muuk-tallinn/240852197,https://src.kv24.ee/uploads/a1/images/1aacc3da-9ef9-492c-8419-4e96e797c7ae.jpg,2025-06-09T19:47:32.000000+03:00
56,852195,"Pille 4/3, Kesklinna linnaosa, Tallinn, Harju maakond",Tallinn,Pille tn 4/3,,3,81,400000,4938.27,https://kinnisvara24.ee/korter-muuk-tallinn/240852195,https://src.kv24.ee/uploads/a1/images/7a5d7bc5-ed1b-49bc-b771-5dc13f893623.jpg,2025-06-09T18:55:39.000000+03:00
57,852169,"Harju maakond, Tallinn, Põhja-Tallinna linnaosa, Vana-Kalamaja tn 7a",Tallinn,Vana-Kalamaja tn 7a,3,2,42,239000,5663.51,https://kinnisvara24.ee/korter-muuk-tallinn/240852169,https://src.kv24.ee/uploads/a1/images/d79d72de-460a-4e17-b26c-0d3551158ac3.jpg,2025-06-09T16:42:19.000000+03:00
58,788895,"Rõugu 2/3, Haabersti linnaosa, Tallinn, Harju maakond",Tallinn,Rõugu tn 2/3,14,4,100,279000,2795.59,https://kinnisvara24.ee/korter-muuk-tallinn/240788895,https://src.kv24.ee/uploads/a1/images/15751ab6-a4cc-4e95-909b-be5834503973.jpg,2024-06-03T11:55:56.000000+03:00
59,852024,"Pirita tee 26b/1, Pirita linnaosa, Tallinn, Harju maakond",Tallinn,Pirita tee 26b/1,34,2,52,240000,4633.2,https://kinnisvara24.ee/korter-muuk-tallinn/240852024,https://src.kv24.ee/uploads/a1/images/b3bff2d7-7d21-47e6-8ecc-119925811095.jpg,2025-06-09T10:55:59.000000+03:00
60,838915,"Astangu tn 50a/2, Astangu, Haabersti",Tallinn,Astangu tn 50a/2,,2,67,169000,2507.42,https://kinnisvara24.ee/korter-muuk-tallinn/240838915,https://src.kv24.ee/uploads/a1/images/11b1f143-ca48-4205-9087-83269aaabab4.jpg,2025-03-15T20:45:12.000000+02:00
61,851880,"Õismäe/Mustamäe/Kesklinn, Mustamäe",Tallinn,"",,3,65,110000,1692.31,https://kinnisvara24.ee/korter-muuk-tallinn/240851880,https://src.kv24.ee/uploads/a1/images/cd67a3ba-63df-4539-a57c-110df6cee5c9.jpg,2025-06-07T13:35:15.000000+03:00
62,845934,"Harju maakond, Tallinn, Mustamäe linnaosa, Mustamäe tee 153",Tallinn,Mustamäe tee 153,13,3,61,148000,2377.05,https://kinnisvara24.ee/korter-muuk-tallinn/240845934,https://src.kv24.ee/uploads/a1/images/f684474e-3932-454b-b17c-7bbcf15be7cc.jpg,2025-05-01T13:36:50.000000+03:00
63,851829,"Harju maakond, Tallinn, Põhja-Tallinna linnaosa, Heina tn 4",Tallinn,Heina tn 4,,1,24,110000,4583.33,https://kinnisvara24.ee/korter-muuk-tallinn/240851829,https://src.kv24.ee/uploads/a1/images/106e47af-bf11-4c5a-b3db-07f9f1baf881.jpg,2025-06-06T19:23:08.000000+03:00
64,716634,"Harju maakond, Tallinn, Pirita linnaosa, Kase tn 68/2",Tallinn,Kase tn 68/2,194,4,88,257000,2917.14,https://kinnisvara24.ee/korter-muuk-tallinn/240716634,https://s1.kv24.ee/uploads/a1/images/4dbe5f6a-bab7-415e-8188-d62bce8f60a4.jpg,2025-06-06T17:02:46.000000+03:00
65,749969,"Harju maakond, Tallinn, Kesklinna linnaosa, Pikksilma tn 2/2",Tallinn,Pikksilma tn 2/2,,2,49,249000,5112.94,https://kinnisvara24.ee/korter-muuk-tallinn/240749969,https://src.kv24.ee/uploads/a1/images/5906310d-1252-4f19-bee0-7bd17892d9e1.jpg,2024-02-12T20:33:01.000000+02:00
66,851774,"Harju maakond, Tallinn, Põhja-Tallinna linnaosa, Rukki tn 7",Tallinn,Rukki tn 7,7,3,67,167500,2503.74,https://kinnisvara24.ee/korter-muuk-tallinn/240851774,https://src.kv24.ee/uploads/a1/images/a390fc71-1ec6-43fd-b8e9-7d0cc9d9bd09.jpg,2025-06-06T14:09:58.000000+03:00
67,840030,"Hansu tn 36/2, Haabersti",Tallinn,Hansu tn 36/2,,2,50,155900,3111.78,https://kinnisvara24.ee/korter-muuk-tallinn/240840030,https://src.kv24.ee/uploads/a1/images/8435f5f7-4414-48fe-84cc-ee311827ec30.jpg,2025-03-24T11:15:35.000000+02:00
68,851720,"Rotermanni tn 18/1, Kesklinn",Tallinn,Rotermanni tn 18/1,,2,54,380000,7024.03,https://kinnisvara24.ee/korter-muuk-tallinn/240851720,https://src.kv24.ee/uploads/a1/images/c317d23f-3744-4c03-b705-dcab3c8a0a9a.jpg,2025-06-06T10:35:29.000000+03:00
69,851561,"Kalaranna tn 8/10, Kalamaja, Põhja-Tallinn",Tallinn,Kalaranna tn 8/10,,3,88,631500,7184.3,https://kinnisvara24.ee/korter-muuk-tallinn/240851561,https://src.kv24.ee/uploads/a1/images/694d1f34-7a73-4dd2-997d-9c13ee66cc5c.jpg,2025-06-05T11:35:14.000000+03:00
70,850318,"Harju maakond, Tallinn, Kesklinna linnaosa, Pirita tee 26b/4",Tallinn,Pirita tee 26b/4,,4,117,550000,4704.88,https://kinnisvara24.ee/korter-muuk-tallinn/240850318,https://src.kv24.ee/uploads/a1/images/8bc2b8b3-645a-4e81-8e96-7bfef7644466.jpg,2025-05-29T11:03:23.000000+03:00
71,851234,"Paldiski mnt 95, Haabersti",Tallinn,Paldiski mnt 95,,4,88,379000,4292.19,https://kinnisvara24.ee/korter-muuk-tallinn/240851234,https://src.kv24.ee/uploads/a1/images/be8c9eda-36fd-4791-84d6-397aab6e8f24.png,2025-06-03T16:25:17.000000+03:00
72,851233,"Paldiski mnt 95, Haabersti",Tallinn,Paldiski mnt 95,,3,51,215000,4257.43,https://kinnisvara24.ee/korter-muuk-tallinn/240851233,https://src.kv24.ee/uploads/a1/images/f8b17444-e2b4-4b9d-b19b-4bcd807dd910.png,2025-06-03T16:25:16.000000+03:00
73,851232,"Paldiski mnt 95, Haabersti",Tallinn,Paldiski mnt 95,,4,70,289000,4152.3,https://kinnisvara24.ee/korter-muuk-tallinn/240851232,https://src.kv24.ee/uploads/a1/images/705e99ee-88f7-4f24-88e7-af5f38a317c3.png,2025-06-03T16:25:12.000000+03:00
74,851231,"Paldiski mnt 95, Haabersti",Tallinn,Paldiski mnt 95,,2,45,212000,4753.36,https://kinnisvara24.ee/korter-muuk-tallinn/240851231,https://src.kv24.ee/uploads/a1/images/68765ac5-69b6-428e-b67b-110255fe22a4.png,2025-06-03T16:25:11.000000+03:00
75,851230,"Paldiski mnt 95, Haabersti",Tallinn,Paldiski mnt 95,,2,49,224000,4543.61,https://kinnisvara24.ee/korter-muuk-tallinn/240851230,https://src.kv24.ee/uploads/a1/images/db374622-19a7-4fc3-b415-d27f26ea9e39.png,2025-06-03T16:25:10.000000+03:00
76,851164,"Risti 9, Nõmme linnaosa, Tallinn, Harju maakond",Tallinn,Männiku tee 14,,3,58,85000,1470.59,https://kinnisvara24.ee/korter-muuk-tallinn/240851164,https://src.kv24.ee/uploads/a1/images/0e553276-b891-4c32-999c-f59ebe2a8f27.jpg,2025-06-03T12:56:36.000000+03:00
77,846866,"Väike-Ameerika tn 39/1, Kesklinn",Tallinn,Väike-Ameerika tn 39/1,,2,36,135000,3719.01,https://kinnisvara24.ee/korter-muuk-tallinn/240846866,https://src.kv24.ee/uploads/a1/images/3bc5823f-a145-41c0-9e90-7da53aeb99c1.jpg,2025-05-07T10:35:18.000000+03:00
78,830753,"Luise 27/1, Kesklinna linnaosa, Tallinn, Harju maakond",Tallinn,Luise tn 27/1,1,2,43,169000,3948.6,https://kinnisvara24.ee/korter-muuk-tallinn/240830753,https://src.kv24.ee/uploads/a1/images/98706c47-8886-4de4-be7d-e6147db46af3.jpg,2025-01-20T09:56:23.000000+02:00
79,851077,"Uuslinna 9/1, Lasnamäe linnaosa, Tallinn, Harju maakond",Tallinn,Uuslinna tn 9/1,1,3,79,281000,3561.47,https://kinnisvara24.ee/korter-muuk-tallinn/240851077,https://src.kv24.ee/uploads/a1/images/bf5fc26e-3f14-4689-8e02-ba7bc0b67b16.jpg,2025-06-03T07:55:41.000000+03:00
80,819084,"Paldiski mnt 38b/2, Pelgulinn, Põhja-Tallinn",Tallinn,Paldiski mnt 38b/2,,2,59,235000,3956.23,https://kinnisvara24.ee/korter-muuk-tallinn/240819084,https://src.kv24.ee/uploads/a1/images/62cda3ac-4d9b-490f-bc9a-3c3bd7be5254.jpg,2024-11-06T17:35:22.000000+02:00
81,850981,"Astangu 21/3, Haabersti linnaosa, Tallinn, Harju maakond",Tallinn,Astangu tn 21/3,,2,55,154000,2784.81,https://kinnisvara24.ee/korter-muuk-tallinn/240850981,https://src.kv24.ee/uploads/a1/images/c419519e-f06e-457b-b16b-f4e2ad1150b0.jpg,2025-06-02T15:55:46.000000+03:00
82,850947,"Harju maakond, Tallinn, Haabersti linnaosa, Õismäe tee 2",Tallinn,Õismäe tee 2,,2,49,110000,2235.77,https://kinnisvara24.ee/korter-muuk-tallinn/240850947,https://src.kv24.ee/uploads/a1/images/5ff1685f-1712-4d52-bb4f-7bd008c976e6.jpg,2025-06-02T13:56:57.000000+03:00
83,850877,"Pille tn 9/4, Kesklinna linnaosa, Tallinn, Harju maakond",Tallinn,Pille tn 9/4,79,2,36,160000,4481.79,https://kinnisvara24.ee/korter-muuk-tallinn/240850877,https://src.kv24.ee/uploads/a1/images/12fc0ce8-4c93-436b-b783-f1d3fcf7ac1e.jpg,2025-06-02T10:55:52.000000+03:00
84,845722,"Liivaoja tn 12/1, Kadriorg, Kesklinn",Tallinn,Liivaoja tn 12/1,,2,57,253000,4438.6,https://kinnisvara24.ee/korter-muuk-tallinn/240845722,https://src.kv24.ee/uploads/a1/images/38858add-f5f1-4252-8546-8491cf7a870a.jpg,2025-04-29T19:45:21.000000+03:00
85,850860,"Harju maakond, Tallinn, Mustamäe linnaosa, Aiandi tn 7/3",Tallinn,Aiandi tn 7/3,7,2,46,172000,3731.02,https://kinnisvara24.ee/korter-muuk-tallinn/240850860,https://src.kv24.ee/uploads/a1/images/88d1051c-bf83-4c26-bb1c-9e2c2a0585c0.jpg,2025-06-02T09:58:36.000000+03:00
86,850819,"Uus-Volta tn 12/2, Põhja-Tallinna linnaosa, Tallinn, Harju maakond",Tallinn,Uus-Volta tn 12/2,,5,116,749000,6473.64,https://kinnisvara24.ee/korter-muuk-tallinn/240850819,https://src.kv24.ee/uploads/a1/images/5241f316-eebb-48ae-b79a-81879c6e4b9b.jpg,2025-06-02T00:55:56.000000+03:00
87,850734,"Pirita tee 26b/1, Kesklinna linnaosa, Tallinn, Harju maakond",Tallinn,Pirita tee 26b/1,35,4,132,590000,4473.09,https://kinnisvara24.ee/korter-muuk-tallinn/240850734,https://src.kv24.ee/uploads/a1/images/f6efb462-753d-4525-9b52-547938276112.jpg,2025-06-01T13:56:27.000000+03:00
88,850733,"Pirita tee 26b/1, Kesklinna linnaosa, Tallinn, Harju maakond",Tallinn,Pirita tee 26b/1,28,3,75,328000,4390.9,https://kinnisvara24.ee/korter-muuk-tallinn/240850733,https://src.kv24.ee/uploads/a1/images/2aa7ac8f-5243-4b92-94e9-ff927581debe.jpg,2025-06-01T13:56:17.000000+03:00
89,850727,"Välja tn 3/2, Kristiine linnaosa, Tallinn, Harju maakond",Tallinn,Välja tn 3/2,15,2,54,225000,4151.29,https://kinnisvara24.ee/korter-muuk-tallinn/240850727,https://src.kv24.ee/uploads/a1/images/2a0cd9c2-7fc3-4319-9af0-76c957ff8eef.jpg,2025-06-01T13:55:59.000000+03:00
90,850722,"Pille tn 4/2, Kesklinna linnaosa, Tallinn, Harju maakond",Tallinn,Pille tn 4/2,1,3,66,329000,4992.41,https://kinnisvara24.ee/korter-muuk-tallinn/240850722,https://src.kv24.ee/uploads/a1/images/298eee40-f20b-411a-a5a9-0b746a15c062.jpg,2025-06-01T13:55:47.000000+03:00
91,831093,"Tehnika tn 5, Põhja-Tallinna linnaosa, Tallinn, Harju maakond",Tallinn,Tehnika tn 5,14,2,42,128000,3047.62,https://kinnisvara24.ee/korter-muuk-tallinn/240831093,https://src.kv24.ee/uploads/a1/images/bf2d6d95-0b17-4d61-a13c-269d47a9cbad.jpg,2025-01-21T18:55:49.000000+02:00
92,850633,"J. Kappeli tn 3/2, Torupilli, Kesklinn",Tallinn,J. Kappeli tn 3/2,,4,79,300000,3797.47,https://kinnisvara24.ee/korter-muuk-tallinn/240850633,https://src.kv24.ee/uploads/a1/images/cb8ef641-7121-43d0-b1d6-70951fd3df63.jpg,2025-05-31T13:25:26.000000+03:00
93,839786,"Pille 9/2, Kesklinna linnaosa, Tallinn, Harju maakond",Tallinn,Pille tn 9/2,47,1,36,162000,4525.14,https://kinnisvara24.ee/korter-muuk-tallinn/240839786,https://src.kv24.ee/uploads/a1/images/bec02692-700b-4fd0-a5fd-2044cac85ac8.jpg,2025-03-21T14:56:25.000000+02:00
94,850478,"Vana-Rannamõisa tee 1d/1, Haabersti",Tallinn,Vana-Rannamõisa tee 1d/1,,2,48,152000,3186.58,https://kinnisvara24.ee/korter-muuk-tallinn/240850478,https://src.kv24.ee/uploads/a1/images/7788fd94-d68d-44e0-a57b-23d0c1473331.jpg,2025-05-30T11:15:36.000000+03:00
95,845397,"Harju maakond, Tallinn, Kesklinna linnaosa, Kiikri tn 2/3",Tallinn,Kiikri tn 2/3,81,3,77,390000,5058.37,https://kinnisvara24.ee/korter-muuk-tallinn/240845397,https://src.kv24.ee/uploads/a1/images/3e2536e8-8a0d-4fb8-8f90-625634fd96fd.jpg,2025-04-28T10:59:21.000000+03:00
96,846031,"Harju maakond, Tallinn, Kesklinna linnaosa, Kiikri tn 2/2",Tallinn,Kiikri tn 2/2,27,2,67,301950,4500,https://kinnisvara24.ee/korter-muuk-tallinn/240846031,https://src.kv24.ee/uploads/a1/images/02f09fc7-de77-4cec-8124-fb886b138e17.jpg,2025-05-02T01:19:40.000000+03:00
97,846535,"Harju maakond, Tallinn, Põhja-Tallinna linnaosa, Jahu tn 1/2",Tallinn,Jahu tn 1/2,129,2,47,194000,4127.66,https://kinnisvara24.ee/korter-muuk-tallinn/240846535,https://src.kv24.ee/uploads/a1/images/56536775-d3b0-4ed7-a455-45d92334c878.jpg,2025-05-05T21:32:24.000000+03:00
98,848340,"Uus-Volta 12/3, Põhja-Tallinna linnaosa, Tallinn, Harju maakond",Tallinn,Uus-Volta tn 12/3,10,2,51,269000,5253.91,https://kinnisvara24.ee/korter-muuk-tallinn/240848340,https://src.kv24.ee/uploads/a1/images/40c721a3-4fe2-4e1e-a13c-fe86e236ceef.jpg,2025-05-15T18:56:12.000000+03:00
99,850183,"Kase tn 68/2, Pirita linnaosa, Tallinn, Harju maakond",Tallinn,Kase tn 68/2,,1,38,117000,3054.83,https://kinnisvara24.ee/korter-muuk-tallinn/240850183,https://src.kv24.ee/uploads/a1/images/ade1563a-25a2-4e83-860e-b0860648605a.jpg,2025-05-28T13:56:11.000000+03:00
100,849919,"Roo 6, Põhja-Tallinna linnaosa, Tallinn, Harju maakond",Tallinn,Roo tn 6,3/4,3,69,219000,3160.17,https://kinnisvara24.ee/korter-muuk-tallinn/240849919,https://src.kv24.ee/uploads/a1/images/fe217b36-2cb7-43c0-8999-cbb61026f8e0.jpg,2025-05-26T22:55:41.000000+03:00
101,835521,"Harju maakond, Tallinn, Põhja-Tallinna linnaosa, Küti tn 1/1",Tallinn,Küti tn 1/1,2,3,78,309900,3967.99,https://kinnisvara24.ee/korter-muuk-tallinn/240835521,https://src.kv24.ee/uploads/a1/images/9a036d9b-12a8-4f5d-9754-19b7e10cc2f2.jpg,2025-02-21T11:26:42.000000+02:00
102,844727,"Roosikrantsi 9, Kesklinna linnaosa, Tallinn, Harju maakond",Tallinn,Roosikrantsi tn 9,35,4,103,400000,3891.05,https://kinnisvara24.ee/korter-muuk-tallinn/240844727,https://src.kv24.ee/uploads/a1/images/873a3529-bc72-4015-90c2-fc3ec6349e15.jpg,2025-04-23T10:56:08.000000+03:00
103,849534,"Toom-Kuninga 24/1, Kesklinna linnaosa, Tallinn, Harju maakond",Tallinn,Toom-Kuninga tn 24/1,5,1,33,125000,3834.36,https://kinnisvara24.ee/korter-muuk-tallinn/240849534,https://src.kv24.ee/uploads/a1/images/388a1e2f-a1f1-472d-8e06-7591603188ba.jpg,2025-05-23T13:56:15.000000+03:00
104,846136,"Lesta 10/2, Haabersti linnaosa, Tallinn, Harju maakond",Tallinn,Lesta tn 10/2,14,4,150,499000,3322.24,https://kinnisvara24.ee/korter-muuk-tallinn/240846136,https://src.kv24.ee/uploads/a1/images/695c57e6-99cb-44c2-9b64-b8f908971f84.jpg,2025-05-02T16:55:45.000000+03:00
105,849505,"Kiikri 6/2, Kesklinna linnaosa, Tallinn, Harju maakond",Tallinn,Kiikri tn 6/2,26,3,66,399000,6018.1,https://kinnisvara24.ee/korter-muuk-tallinn/240849505,https://src.kv24.ee/uploads/a1/images/721946ae-9565-46c0-b913-23b09a6e5ac9.jpg,2025-05-23T11:55:57.000000+03:00
106,849504,"Kiikri 6/2, Kesklinna linnaosa, Tallinn, Harju maakond",Tallinn,Kiikri tn 6/2,26,3,66,399000,6018.1,https://kinnisvara24.ee/korter-muuk-tallinn/240849504,https://src.kv24.ee/uploads/a1/images/c814ae1d-80ac-4f67-ade0-92582ecba2a6.jpg,2025-05-23T11:55:53.000000+03:00
107,849367,"Linnamäe tee 5, Lasnamäe",Tallinn,Linnamäe tee 5,,1,33,84000,2568.81,https://kinnisvara24.ee/korter-muuk-tallinn/240849367,https://src.kv24.ee/uploads/a1/images/06d77836-00d7-4266-bf53-936b4644f44e.jpg,2025-05-22T11:45:35.000000+03:00
108,849294,"Rotermanni 18/1, Kesklinna linnaosa, Tallinn, Harju maakond",Tallinn,Rotermanni tn 18/1,29,4,132,1099000,8351.06,https://kinnisvara24.ee/korter-muuk-tallinn/240849294,https://src.kv24.ee/uploads/a1/images/ecb028f0-1dfb-4b3a-9dae-929307dedfa6.jpg,2025-05-21T21:55:40.000000+03:00
109,849155,"Harju maakond, Tallinn, Pirita linnaosa, Tohu tn 10",Tallinn,Tohu tn 10,,2,56,178000,3189.96,https://kinnisvara24.ee/korter-muuk-tallinn/240849155,https://src.kv24.ee/uploads/a1/images/afeff439-2e54-45fb-afaf-e70a4eaa9db0.jpg,2025-05-21T10:03:38.000000+03:00
110,629394,"Harju maakond, Tallinn, Lasnamäe linnaosa, Priisle tee 4/1",Tallinn,Priisle tee 4/1,,1,31,99900,3254.07,https://kinnisvara24.ee/korter-muuk-tallinn/240629394,https://s1.kv24.ee/uploads/a1/images/0adf08e9-b305-46ad-8a46-3709662480e5.jpg,2024-01-31T17:25:55.000000+02:00
111,849075,"Saku tn 2a-35, Kitseküla, Kesklinn",Tallinn,Saku tn 2a,35,3,70,292000,4201.44,https://kinnisvara24.ee/korter-muuk-tallinn/240849075,https://src.kv24.ee/uploads/a1/images/9215918f-7981-4ff2-8898-138b6048137b.jpg,2025-05-20T15:46:01.000000+03:00
112,849060,"Päikese pst 54b, Nõmme linnaosa, Tallinn, Harju maakond",Tallinn,Päikese pst 54b,2,3,64,179900,2810.94,https://kinnisvara24.ee/korter-muuk-tallinn/240849060,https://src.kv24.ee/uploads/a1/images/b8bcf94d-96c6-492c-94ad-40b55bc11628.jpg,2025-05-20T14:56:05.000000+03:00
113,848848,"Pikksilma 2/2, Kesklinn",Tallinn,Pikksilma 2/2,70,4,132,995000,7549.32,https://kinnisvara24.ee/korter-muuk-tallinn/240848848,https://src.kv24.ee/uploads/a1/images/743c84d7-1203-4d56-b9eb-bd99da7bfa84.jpg,2025-05-20T00:15:53.000000+03:00
114,848839,"Saani 2/1, Kesklinna linnaosa, Tallinn, Harju maakond",Tallinn,Saani 2/1,,4,94,439000,4655.36,https://kinnisvara24.ee/korter-muuk-tallinn/240848839,https://src.kv24.ee/uploads/a1/images/3fa60f5f-77be-4ad0-87da-f57d536b18d9.jpg,2025-05-19T22:55:39.000000+03:00
115,848679,"Harju maakond, Tallinn, Haabersti linnaosa, Hansu tn 2/1",Tallinn,Hansu tn 2/1,1,3,64,169000,2632.4,https://kinnisvara24.ee/korter-muuk-tallinn/240848679,https://src.kv24.ee/uploads/a1/images/638d5bd5-5a75-4d64-8033-cd525d06def7.jpg,2025-05-19T10:40:36.000000+03:00
116,848675,"Kiikri tn 2/3, Kesklinn",Tallinn,Kiikri tn 2/3,86,4,101,509000,5029.64,https://kinnisvara24.ee/korter-muuk-tallinn/240848675,https://src.kv24.ee/uploads/a1/images/c6749337-dc04-4fcc-9777-703e78d65f8d.jpg,2025-05-19T10:15:47.000000+03:00
117,848674,"Kiikri tn 2/3, Kesklinn",Tallinn,Kiikri tn 2/3,86,4,101,509000,5029.64,https://kinnisvara24.ee/korter-muuk-tallinn/240848674,https://src.kv24.ee/uploads/a1/images/bb42e61f-1270-4dd0-adcd-7c62327ddc18.jpg,2025-05-19T10:15:45.000000+03:00
118,789467,"Ravi tn 13/2, Kesklinn",Tallinn,Ravi tn 13/2,,2,52,215000,4174.76,https://kinnisvara24.ee/korter-muuk-tallinn/240789467,https://src.kv24.ee/uploads/a1/images/47adefb6-4d29-4d1e-bb0a-301cc878c518.jpg,2024-06-05T12:15:34.000000+03:00
119,848617,"Kungla 28/1, Põhja-Tallinna linnaosa, Tallinn, Harju maakond",Tallinn,Kungla tn 28/1,12,3,54,234000,4365.67,https://kinnisvara24.ee/korter-muuk-tallinn/240848617,https://src.kv24.ee/uploads/a1/images/9c84fe7a-4286-4e84-a42e-41f5c6420cef.jpg,2025-05-18T10:55:38.000000+03:00
120,843643,"Harju maakond, Tallinn, Haabersti linnaosa, Jõeküla tee 18/1",Tallinn,Jõeküla tee 18/1,12,4,104,419500,4045.32,https://kinnisvara24.ee/korter-muuk-tallinn/240843643,https://src.kv24.ee/uploads/a1/images/4d4b33ad-eb6e-4b7f-a3df-2b54ecc25378.jpg,2025-04-18T17:42:06.000000+03:00
121,848517,"Kase tn 68/2, Pirita linnaosa, Tallinn, Harju maakond",Tallinn,Kase tn 68/2,251,2,58,189900,3291.16,https://kinnisvara24.ee/korter-muuk-tallinn/240848517,https://src.kv24.ee/uploads/a1/images/0b080de3-1119-4a18-aacf-3c7f1597b994.jpg,2025-05-16T19:55:37.000000+03:00
122,848434,"Kase 68/1, Pirita linnaosa, Tallinn, Harju maakond",Tallinn,Kase tn 68/1,40,2,52,165000,3154.88,https://kinnisvara24.ee/korter-muuk-tallinn/240848434,https://src.kv24.ee/uploads/a1/images/929319f6-fe25-4517-a96c-7d6cbf113d1b.jpg,2025-05-16T12:55:58.000000+03:00
123,848427,"Harju maakond, Tallinn, Haabersti linnaosa, Hansu tn 38/2",Tallinn,Hansu tn 38/2,33,3,59,189000,3181.82,https://kinnisvara24.ee/korter-muuk-tallinn/240848427,https://src.kv24.ee/uploads/a1/images/49aad03b-1a42-4b6a-8a6f-321153f43d3d.jpg,2025-05-16T12:24:54.000000+03:00
124,848399,"Ehitajate tee 91/2, Mustamäe",Tallinn,Ehitajate tee 91/2,,2,37,180000,4931.51,https://kinnisvara24.ee/korter-muuk-tallinn/240848399,https://src.kv24.ee/uploads/a1/images/d790a1fb-af83-4978-a24e-b9529dcd4c33.jpg,2025-05-16T09:25:39.000000+03:00
125,848390,"Kalaranna tn 8/10, Kalamaja, Põhja-Tallinn",Tallinn,Kalaranna tn 8/10,,2,50,490000,9839.36,https://kinnisvara24.ee/korter-muuk-tallinn/240848390,https://src.kv24.ee/uploads/a1/images/0a6fcf8b-4f9c-43c2-8054-e7988a4c66b7.jpg,2025-05-16T08:25:26.000000+03:00
126,848358,"Õismäe tee 108, Haabersti linnaosa, Tallinn, Harju maakond",Tallinn,Õismäe tee 108,7,2,50,124000,2500,https://kinnisvara24.ee/korter-muuk-tallinn/240848358,https://src.kv24.ee/uploads/a1/images/46b7f543-62cc-4888-8704-797c1e1a59f1.jpg,2025-05-15T20:55:47.000000+03:00
127,832285,"Vana-Rannamõisa tee 1d/6, Haabersti linnaosa, Tallinn, Harju maakond",Tallinn,Vana-Rannamõisa tee 1d/6,1,2,53,171000,3250.95,https://kinnisvara24.ee/korter-muuk-tallinn/240832285,https://src.kv24.ee/uploads/a1/images/c013fd89-6384-4fcd-b6d1-9097a9cc55f3.jpg,2025-01-29T21:55:48.000000+02:00
128,835705,"Padriku tee 3/3, Mähe, Pirita",Tallinn,Padriku tee 3/3,,3,95,249000,2610.06,https://kinnisvara24.ee/korter-muuk-tallinn/240835705,https://src.kv24.ee/uploads/a1/images/27bcfaee-8351-4ac0-96e0-c0bddc4ee73f.jpg,2025-02-23T19:35:19.000000+02:00
129,848208,"Pille tn 11/3, Kesklinn",Tallinn,Pille tn 11/3,71,3,79,390000,4924.24,https://kinnisvara24.ee/korter-muuk-tallinn/240848208,https://src.kv24.ee/uploads/a1/images/1fe03dbc-7fe8-4476-b424-7f4f0cc1cc85.jpg,2025-05-15T01:15:44.000000+03:00
130,848169,"Harju maakond, Tallinn, Põhja-Tallinna linnaosa, Kungla tn 20",Tallinn,Kungla tn 20,,2,45,154900,3426.99,https://kinnisvara24.ee/korter-muuk-tallinn/240848169,https://src.kv24.ee/uploads/a1/images/30adf998-3b06-4d69-8226-380cf1e09da1.jpg,2025-05-14T17:33:45.000000+03:00
131,848026,"Kolde pst 67/3, Pelgulinn, Põhja-Tallinn",Tallinn,Kolde pst 67/3,,2,48,175000,3630.71,https://kinnisvara24.ee/korter-muuk-tallinn/240848026,https://src.kv24.ee/uploads/a1/images/37a4aa0a-37c6-476f-8433-a37f24192521.jpg,2025-05-14T11:59:41.000000+03:00
132,848021,"Uus-Volta tn 12/3, Põhja-Tallinn",Tallinn,Uus-Volta tn 12/3,,2,46,249900,5420.82,https://kinnisvara24.ee/korter-muuk-tallinn/240848021,https://src.kv24.ee/uploads/a1/images/51f0dd05-740c-43c1-bcd9-db6ca9a9c2c9.jpg,2025-05-14T11:59:35.000000+03:00
133,847990,"Vana-Kalamaja tn 28b/2, Kalamaja, Põhja-Tallinn",Tallinn,Vana-Kalamaja tn 28b/2,,5,111,800000,7233.27,https://kinnisvara24.ee/korter-muuk-tallinn/240847990,https://src.kv24.ee/uploads/a1/images/7c884485-112c-48c7-8b75-f6f7b5f01ede.jpg,2025-05-14T11:59:03.000000+03:00
134,847947,"Sõle tn 25b/1, Põhja-Tallinn",Tallinn,Sõle tn 25b/1,,4,99,267500,2702.02,https://kinnisvara24.ee/korter-muuk-tallinn/240847947,https://src.kv24.ee/uploads/a1/images/304e4b64-34b9-4256-929b-2a0453b62270.jpg,2025-05-14T11:58:02.000000+03:00
135,847912,"Kungla tn 28/1, Kalamaja, Põhja-Tallinn",Tallinn,Kungla tn 28/1,,3,40,127000,3175,https://kinnisvara24.ee/korter-muuk-tallinn/240847912,https://src.kv24.ee/uploads/a1/images/42b6391b-8690-4dea-8580-864c6d6869bf.jpg,2025-05-14T10:45:38.000000+03:00
136,847822,"Ristiku 22/1, Põhja-Tallinna linnaosa, Tallinn, Harju maakond",Tallinn,Ristiku tn 22/1,5,2,34,175000,5102.04,https://kinnisvara24.ee/korter-muuk-tallinn/240847822,https://src.kv24.ee/uploads/a1/images/a5ea4a30-784d-47f5-abaa-7471a7946fb8.jpg,2025-05-13T16:56:21.000000+03:00
137,847734,"Paldiski mnt 169, Haabersti",Tallinn,Paldiski mnt 169,,4,84,219900,2620.98,https://kinnisvara24.ee/korter-muuk-tallinn/240847734,https://src.kv24.ee/uploads/a1/images/585c9190-0db4-4d71-90fa-9668517a4c25.jpg,2025-05-13T11:25:12.000000+03:00
138,845868,"Tartu mnt 67/1, Kesklinna linnaosa, Tallinn, Harju maakond",Tallinn,Tartu mnt 67/1,1A,2,44,169000,3840.91,https://kinnisvara24.ee/korter-muuk-tallinn/240845868,https://src.kv24.ee/uploads/a1/images/f108b497-f8c0-4af8-8240-ddeaccf94c35.jpg,2025-04-30T17:55:49.000000+03:00
139,847611,"Remmelga 4/1, Nõmme linnaosa, Tallinn, Harju maakond",Tallinn,Remmelga tn 4/1,3,4,84,340000,4062.13,https://kinnisvara24.ee/korter-muuk-tallinn/240847611,https://src.kv24.ee/uploads/a1/images/7f8dca5b-70a8-4642-9871-6036cc964408.jpg,2025-05-12T16:55:33.000000+03:00
140,847380,"A.Adamsoni 4, Kesklinna linnaosa, Tallinn, Harju maakond",Tallinn,A. Adamsoni tn 4,,3,107,490000,4579.44,https://kinnisvara24.ee/korter-muuk-tallinn/240847380,https://src.kv24.ee/uploads/a1/images/7c961297-905d-471e-aec2-2b9a0109d319.jpg,2025-05-10T10:55:43.000000+03:00
141,847307,"Kalaranna tn 8/4, Põhja-Tallinna linnaosa, Tallinn, Harju maakond",Tallinn,Kalaranna tn 8/4,18,2,51,295000,5739.3,https://kinnisvara24.ee/korter-muuk-tallinn/240847307,https://src.kv24.ee/uploads/a1/images/0e96c133-dab9-463e-b788-0191d48b2774.jpg,2025-05-09T12:56:10.000000+03:00
142,847298,"Saku tn 2a, Kitseküla, Kesklinn",Tallinn,Saku tn 2a,,1,38,189900,4945.31,https://kinnisvara24.ee/korter-muuk-tallinn/240847298,https://src.kv24.ee/uploads/a1/images/8fa46f50-4187-4f2c-aa98-d443dbf65540.jpg,2025-05-09T12:45:54.000000+03:00
143,847193,"Astangu 19/1, Haabersti",Tallinn,Astangu 19/1,,1,34,125000,3654.97,https://kinnisvara24.ee/korter-muuk-tallinn/240847193,https://src.kv24.ee/uploads/a1/images/76b40c79-6bd4-40a1-8674-38bcaae0fc49.jpg,2025-05-08T19:35:21.000000+03:00
144,847049,"Pelguranna 9, Põhja-Tallinna linnaosa, Tallinn, Harju maakond",Tallinn,Pelguranna tn 9,10,2,40,115000,2904.04,https://kinnisvara24.ee/korter-muuk-tallinn/240847049,https://src.kv24.ee/uploads/a1/images/3c68208a-9ed6-4cd9-8f40-f3be582b56c7.jpg,2025-05-08T08:55:52.000000+03:00
145,846946,"Vilde tee 107, Mustamäe linnaosa, Tallinn, Harju maakond",Tallinn,E. Vilde tee 107,1,1,30,79000,2615.89,https://kinnisvara24.ee/korter-muuk-tallinn/240846946,https://src.kv24.ee/uploads/a1/images/0f67747c-35a7-4a76-89b1-e06005c9fbeb.jpg,2025-05-07T12:55:59.000000+03:00
146,846617,"Saku tn 2a-149, Kitseküla, Kesklinn",Tallinn,Saku tn 2a,149,1,36,158900,4438.55,https://kinnisvara24.ee/korter-muuk-tallinn/240846617,https://src.kv24.ee/uploads/a1/images/38fcd167-8d1c-49c6-95d6-0640196df1e1.jpg,2025-05-06T11:45:55.000000+03:00
147,846370,"Harju maakond, Tallinn, Pirita linnaosa, Padriku tee 12/5",Tallinn,Padriku tee 12/5,,3,88,229000,2602.27,https://kinnisvara24.ee/korter-muuk-tallinn/240846370,https://src.kv24.ee/uploads/a1/images/8326ba09-b491-4f32-bbbb-a24b55b7382a.jpg,2025-05-05T11:22:37.000000+03:00
148,846343,"Astangu tn 19/3, Haabersti",Tallinn,Astangu tn 19/3,,3,65,190000,2927.58,https://kinnisvara24.ee/korter-muuk-tallinn/240846343,https://src.kv24.ee/uploads/a1/images/7e19cdd5-210d-4a4d-b31a-e0887dd289e9.jpg,2025-05-05T09:15:29.000000+03:00
149,842540,"Harju maakond, Tallinn, Põhja-Tallinna linnaosa, Kungla tn 22",Tallinn,Kungla tn 22,,2,38,125000,3289.47,https://kinnisvara24.ee/korter-muuk-tallinn/240842540,https://src.kv24.ee/uploads/a1/images/d2302d01-3ec8-4aae-b4a8-6acf473d426b.jpg,2025-05-03T20:24:49.000000+03:00
150,846236,"Harju maakond, Tallinn, Kristiine linnaosa, Madara tn 13a",Tallinn,Madara tn 13a,11,2,27,85000,3183.52,https://kinnisvara24.ee/korter-muuk-tallinn/240846236,https://src.kv24.ee/uploads/a1/images/8d007bb7-8c1d-48d4-8385-35cf54c81ba1.jpg,2025-05-03T16:31:00.000000+03:00
151,845898,"Meeliku tn 21/3, Loopealse, Lasnamäe",Tallinn,Meeliku tn 21/3,,3,73,262000,3584.13,https://kinnisvara24.ee/korter-muuk-tallinn/240845898,https://src.kv24.ee/uploads/a1/images/17c3ea80-6671-453b-9dc1-e9f42767ffdd.jpg,2025-05-01T00:15:37.000000+03:00
152,807214,"Hansu tn 4/1, Haabersti",Tallinn,Hansu tn 4/1,,3,68,229000,3387.57,https://kinnisvara24.ee/korter-muuk-tallinn/240807214,https://src.kv24.ee/uploads/a1/images/8203a156-b63c-43c5-8a10-20be6b9692c0.jpg,2024-09-02T23:15:54.000000+03:00
153,845833,"Harju maakond, Tallinn, Kesklinna linnaosa, Tehnika tn 83",Tallinn,Tehnika tn 83,,2,51,209000,4114.17,https://kinnisvara24.ee/korter-muuk-tallinn/240845833,https://src.kv24.ee/uploads/a1/images/b04a8cc1-b501-437f-aa09-ad66e16374cc.jpg,2025-04-30T14:12:17.000000+03:00
154,845824,"Maleva tn 2h, Kopli, Põhja-Tallinn",Tallinn,Maleva tn 2h,,1,20,44000,2211.06,https://kinnisvara24.ee/korter-muuk-tallinn/240845824,https://src.kv24.ee/uploads/a1/images/0b1d25d1-df54-4654-9b48-1c1e33bce502.jpg,2025-04-30T13:25:29.000000+03:00
155,851406,"Harju maakond, Tallinn, Mustamäe linnaosa, Aiandi tn 6/1",Tallinn,Aiandi tn 6/1,,3,71,214900,3014.03,https://kinnisvara24.ee/korter-muuk-tallinn/240851406,https://src.kv24.ee/uploads/a1/images/de99b510-3844-42cb-a3a5-2c9140544745.jpg,2025-04-29T15:38:19.000000+03:00
156,845616,"Lastekodu tn 31/1, Kesklinna linnaosa, Tallinn, Harju maakond",Tallinn,Lastekodu tn 31/1,,2,50,265000,5257.94,https://kinnisvara24.ee/korter-muuk-tallinn/240845616,https://src.kv24.ee/uploads/a1/images/db6011f2-0dc6-4bfe-a134-d7c65a5f4506.jpg,2025-04-29T11:56:12.000000+03:00
157,845600,"Vilde tee 55, Mustamäe linnaosa, Tallinn, Harju maakond",Tallinn,E. Vilde tee 55,22,2,44,112000,2557.08,https://kinnisvara24.ee/korter-muuk-tallinn/240845600,https://src.kv24.ee/uploads/a1/images/2d55dd1d-e2fd-40d5-b21b-0f4f0180b16d.jpg,2025-04-29T10:55:54.000000+03:00
158,845492,"Harju maakond, Tallinn, Põhja-Tallinna linnaosa, Suur-Laagri tn 4",Tallinn,Suur-Laagri tn 4,,2,33,128500,3847.31,https://kinnisvara24.ee/korter-muuk-tallinn/240845492,https://src.kv24.ee/uploads/a1/images/71ca91a1-30a9-4720-9031-608513359f57.jpg,2025-04-28T16:20:08.000000+03:00
159,845454,"Luise 27/1, Kesklinna linnaosa, Tallinn, Harju maakond",Tallinn,Luise tn 27/1,1,2,43,169000,3948.6,https://kinnisvara24.ee/korter-muuk-tallinn/240845454,https://src.kv24.ee/uploads/a1/images/483e28d3-3f7c-4777-a3ec-76b8ba34474c.jpg,2025-04-28T13:56:11.000000+03:00
160,845299,"Tehnika tn 20/1, Põhja-Tallinn",Tallinn,Tehnika tn 20/1,3,1,44,147000,3318.28,https://kinnisvara24.ee/korter-muuk-tallinn/240845299,https://src.kv24.ee/uploads/a1/images/a67ec4b4-5ed9-4d31-9c12-e3d478d5c1be.jpg,2025-04-27T11:15:32.000000+03:00
161,845300,"Tehnika tn 20/1, Põhja-Tallinn",Tallinn,Tehnika tn 20/1,3,2,44,147000,3318.28,https://kinnisvara24.ee/korter-muuk-tallinn/240845300,https://src.kv24.ee/uploads/a1/images/dfbaf1a2-002e-4d32-99e6-f1801d37a6c3.jpg,2025-04-27T11:15:32.000000+03:00
162,845286,"Harju maakond, Tallinn, Lasnamäe linnaosa, Pallasti tn 10",Tallinn,Pallasti tn 10,24,1,26,73000,2807.69,https://kinnisvara24.ee/korter-muuk-tallinn/240845286,https://src.kv24.ee/uploads/a1/images/f5375ee6-b85a-4fbd-8591-041b10fc9c68.jpg,2025-04-26T23:31:48.000000+03:00
163,845269,"J. Poska 35, Kesklinna linnaosa, Tallinn, Harju maakond",Tallinn,J. Poska tn 31,,4,118,950000,8071.37,https://kinnisvara24.ee/korter-muuk-tallinn/240845269,https://src.kv24.ee/uploads/a1/images/4d23b2f3-6141-411f-ac3c-ac80f7c7c895.jpg,2025-04-26T17:55:41.000000+03:00
164,845232,"Pirita tee 26B/2, Kesklinna linnaosa, Tallinn, Harju maakond",Tallinn,Pirita tee 26B/2,38,4,94,450000,4812.83,https://kinnisvara24.ee/korter-muuk-tallinn/240845232,https://src.kv24.ee/uploads/a1/images/aa74e6df-fae4-4c73-94bc-47b1c875e161.jpg,2025-04-26T11:55:39.000000+03:00
165,844748,"Harju maakond, Tallinn, Pirita linnaosa, Padriku tee 9/1",Tallinn,Padriku tee 9/1,,2,68,189000,2795.86,https://kinnisvara24.ee/korter-muuk-tallinn/240844748,https://src.kv24.ee/uploads/a1/images/1883163f-1e59-452d-8a55-90e0f51c9a58.png,2025-04-24T17:37:58.000000+03:00
166,844848,"Kiikri tn 6/2, Kadriorg, Kesklinn",Tallinn,Kiikri tn 6/2,24,3,74,495000,6671.16,https://kinnisvara24.ee/korter-muuk-tallinn/240844848,https://src.kv24.ee/uploads/a1/images/ed1b53a6-e17b-4349-a69c-cc7a39dfea03.jpg,2025-04-23T17:15:41.000000+03:00
167,844849,"Kiikri tn 6/2, Kadriorg, Kesklinn",Tallinn,Kiikri tn 6/2,24,3,74,495000,6671.16,https://kinnisvara24.ee/korter-muuk-tallinn/240844849,https://src.kv24.ee/uploads/a1/images/10af8156-b674-40f4-a30f-915ded883d33.jpg,2025-04-23T17:15:41.000000+03:00
168,844388,"Türi 4/2, Kesklinna linnaosa, Tallinn, Harju maakond",Tallinn,Türi tn 4/2,63,3,71,354000,4971.91,https://kinnisvara24.ee/korter-muuk-tallinn/240844388,https://src.kv24.ee/uploads/a1/images/21207415-846f-4aed-a4c3-046f1da26d04.jpg,2025-04-21T11:56:09.000000+03:00
169,827475,"Harju maakond, Tallinn, Nõmme linnaosa, Vabaduse pst 189",Tallinn,Vabaduse pst 189,,2,45,97000,2155.56,https://kinnisvara24.ee/korter-muuk-tallinn/240827475,https://src.kv24.ee/uploads/a1/images/1bffbef2-6b6f-44f5-9100-abfae86cb3d2.jpg,2025-04-20T22:49:11.000000+03:00
170,844333,"Harju maakond, Tallinn, Haabersti linnaosa, Õismäe tee 2",Tallinn,Õismäe tee 2,,2,33,114900,3503.05,https://kinnisvara24.ee/korter-muuk-tallinn/240844333,https://src.kv24.ee/uploads/a1/images/e6644b22-a94b-4624-8f27-0bb47eb2a592.jpg,2025-04-20T20:37:52.000000+03:00
171,844185,"Jahu 5/1, Põhja-Tallinna linnaosa, Tallinn, Harju maakond",Tallinn,Jahu tn 5/1,31,3,78,350000,4516.13,https://kinnisvara24.ee/korter-muuk-tallinn/240844185,https://src.kv24.ee/uploads/a1/images/63348438-02d4-4498-a824-6ffa2f76df6e.jpg,2025-04-18T13:56:26.000000+03:00
172,844175,"Printsu tee 5/3, Pikaliiva, Haabersti",Tallinn,Printsu tee 5/3,,3,54,225000,4205.61,https://kinnisvara24.ee/korter-muuk-tallinn/240844175,https://src.kv24.ee/uploads/a1/images/c15cc660-89fb-4cb8-b0ec-94a9abeacff1.jpg,2025-04-18T11:25:11.000000+03:00
173,843377,"Pirita tee 20/4-3, Kadriorg, Kesklinn",Tallinn,Pirita tee 20/4-3,,2,47,235000,5000,https://kinnisvara24.ee/korter-muuk-tallinn/240843377,https://src.kv24.ee/uploads/a1/images/032b5330-b025-4acc-8ab2-a98b8bd90f9b.jpg,2025-04-13T16:25:21.000000+03:00
174,843282,"Suur-Patarei tn 20/2, Põhja-Tallinn",Tallinn,Suur-Patarei tn 20/2,,3,90,514000,5736.61,https://kinnisvara24.ee/korter-muuk-tallinn/240843282,https://src.kv24.ee/uploads/a1/images/b0a8d17a-7128-451e-9cde-bb5c12866fa5.jpg,2025-04-12T01:25:09.000000+03:00
175,843236,"Aiandi tn 3/1, Mustamäe",Tallinn,Aiandi tn 3/1,,3,90,249900,2773.58,https://kinnisvara24.ee/korter-muuk-tallinn/240843236,https://src.kv24.ee/uploads/a1/images/53b98732-eae9-49c0-8f31-fa78067a7801.jpg,2025-04-11T16:25:41.000000+03:00
176,843025,"Narva mnt 174c/4, Priisle, Lasnamäe",Tallinn,Narva mnt 174c/4,,3,101,194990,1940.2,https://kinnisvara24.ee/korter-muuk-tallinn/240843025,https://src.kv24.ee/uploads/a1/images/0fc7675c-23ad-413d-b796-c116b1d29c29.jpg,2025-04-10T12:35:14.000000+03:00
177,842838,"Pikksilma 2/2, Kesklinn",Tallinn,Pikksilma 2/2,70,4,132,995000,7549.32,https://kinnisvara24.ee/korter-muuk-tallinn/240842838,https://src.kv24.ee/uploads/a1/images/e7bf501f-dd19-4f66-a74b-f26aba5fc9c8.jpg,2025-04-09T12:16:39.000000+03:00
178,842658,"Aiandi tn 6/1, Kadaka, Mustamäe",Tallinn,Aiandi tn 6/1,,2,59,164000,2784.38,https://kinnisvara24.ee/korter-muuk-tallinn/240842658,https://src.kv24.ee/uploads/a1/images/e6ade7c1-d2c8-437e-ab94-e7cea08aceb8.jpg,2025-04-08T14:35:11.000000+03:00
179,842613,"Väike-Ameerika tn 23/1, Uue Maailma, Kesklinn",Tallinn,Väike-Ameerika tn 23/1,,3,44,159000,3589.16,https://kinnisvara24.ee/korter-muuk-tallinn/240842613,https://src.kv24.ee/uploads/a1/images/023c59c6-8c18-43ba-8b85-0ee82b3a1580.jpg,2025-04-08T11:25:25.000000+03:00
180,842602,"Hiiu-Suurtüki 4/1, Nõmme",Tallinn,Hiiu-Suurtüki 4/1,,5,157,649000,4146.96,https://kinnisvara24.ee/korter-muuk-tallinn/240842602,https://src.kv24.ee/uploads/a1/images/7ec38c1d-e320-4f23-8733-4697882eecaa.jpg,2025-04-08T10:35:20.000000+03:00
181,842516,"Harju maakond, Tallinn, Kesklinna linnaosa, Narva mnt 20/1",Tallinn,Narva mnt 20/1,3,4,109,469000,4294.87,https://kinnisvara24.ee/korter-muuk-tallinn/240842516,https://src.kv24.ee/uploads/a1/images/f20dc2fa-b1ca-4297-9833-725952b21633.jpg,2025-04-07T17:45:17.000000+03:00
182,842252,"Hiiu tn 5/1, Hiiu, Nõmme",Tallinn,Hiiu tn 5/1,,5,99,179000,1811.74,https://kinnisvara24.ee/korter-muuk-tallinn/240842252,https://src.kv24.ee/uploads/a1/images/9b0f8b49-c214-4f58-be72-56f72c7f047c.jpg,2025-04-05T16:25:42.000000+03:00
183,841966,"Pärnu mnt 129c/1, Kitseküla, Kesklinn",Tallinn,Pärnu mnt 129c/1,,2,51,185000,3620.35,https://kinnisvara24.ee/korter-muuk-tallinn/240841966,https://src.kv24.ee/uploads/a1/images/c6da0c1c-1b65-4aa7-a982-17b6874cb5a1.jpg,2025-04-03T23:25:14.000000+03:00
184,841758,"Nurmiku tee 16/1, Kose, Pirita",Tallinn,Nurmiku tee 16/1,,3,98,215000,2196.12,https://kinnisvara24.ee/korter-muuk-tallinn/240841758,https://src.kv24.ee/uploads/a1/images/61a087e0-9390-44a5-9aec-ea0511c6fe85.jpg,2025-04-02T18:55:54.000000+03:00
185,841745,"Kiikri tn 6/1, Kesklinna linnaosa, Tallinn, Harju maakond",Tallinn,Kiikri tn 6/1,,2,60,280290,4648.26,https://kinnisvara24.ee/korter-muuk-tallinn/240841745,https://src.kv24.ee/uploads/a1/images/e79355cc-f9f2-424a-ae14-4d45d64b3e27.jpg,2025-04-02T16:56:25.000000+03:00
186,840957,"Kalaranna 8/3, Põhja-Tallinna linnaosa, Tallinn, Harju maakond",Tallinn,Kalaranna tn 8/3,8,4,93,519900,5608.41,https://kinnisvara24.ee/korter-muuk-tallinn/240840957,https://src.kv24.ee/uploads/a1/images/5a31ae8a-298b-4b14-8526-34d8c551ad1f.jpg,2025-03-28T16:56:36.000000+02:00
187,840906,"J. Vilmsi tn 47, Kadriorg, Kesklinn",Tallinn,J. Vilmsi tn 47,,2,60,164900,2748.33,https://kinnisvara24.ee/korter-muuk-tallinn/240840906,https://src.kv24.ee/uploads/a1/images/7a4f73b3-5ba7-4665-bb7c-21e533d99f0f.jpg,2025-03-28T12:25:28.000000+02:00
188,840739,"Lesta 10/3, Haabersti linnaosa, Tallinn, Harju maakond",Tallinn,Lesta tn 10/3,46,4,132,585000,4421.77,https://kinnisvara24.ee/korter-muuk-tallinn/240840739,https://src.kv24.ee/uploads/a1/images/bfcce4fd-7441-4c6f-b44d-19a74d387508.jpg,2025-03-27T12:56:20.000000+02:00
189,840612,"Kivimäe tn 32/2, Nõmme",Tallinn,Kivimäe tn 32/2,,3,117,549000,4700.34,https://kinnisvara24.ee/korter-muuk-tallinn/240840612,https://src.kv24.ee/uploads/a1/images/d4d0c0c9-dc9a-4b2c-917f-087697ff181a.jpg,2025-03-26T16:35:23.000000+02:00
190,840609,"A. H. Tammsaare tee 101, Mustamäe, Mustamäe",Tallinn,A. H. Tammsaare tee 101,,2,44,112000,2562.93,https://kinnisvara24.ee/korter-muuk-tallinn/240840609,https://src.kv24.ee/uploads/a1/images/c9c21793-c9e6-4d08-ac74-696e2a4663ae.jpg,2025-03-26T16:25:37.000000+02:00
191,840254,"Pirita tee 20/4-49, Kadriorg, Kesklinn",Tallinn,Pirita tee 20/4-49,,3,62,371000,5955.06,https://kinnisvara24.ee/korter-muuk-tallinn/240840254,https://src.kv24.ee/uploads/a1/images/d3bff13e-04e3-40ea-a5bc-0b1dbb097d13.jpg,2025-03-25T10:25:47.000000+02:00
192,840255,"Pirita tee 20/4-54, Kadriorg, Kesklinn",Tallinn,Pirita tee 20/4-54,,3,65,412000,6348.23,https://kinnisvara24.ee/korter-muuk-tallinn/240840255,https://src.kv24.ee/uploads/a1/images/6227139c-eb9e-4900-a2b2-3903869301dd.jpg,2025-03-25T10:25:47.000000+02:00
193,840256,"Pirita tee 20/4-43, Kadriorg, Kesklinn",Tallinn,Pirita tee 20/4-43,,3,65,403000,6209.55,https://kinnisvara24.ee/korter-muuk-tallinn/240840256,https://src.kv24.ee/uploads/a1/images/bc5bcea9-f96c-49e5-89d0-c1a40cfcfd42.jpg,2025-03-25T10:25:47.000000+02:00
194,840257,"Pirita tee 20/4-27, Kadriorg, Kesklinn",Tallinn,Pirita tee 20/4-27,,3,62,350000,5617.98,https://kinnisvara24.ee/korter-muuk-tallinn/240840257,https://src.kv24.ee/uploads/a1/images/a9bd2817-651a-4978-978e-4fc094e6c31b.jpg,2025-03-25T10:25:47.000000+02:00
195,840253,"Pirita tee 20/4-64, Kadriorg, Kesklinn",Tallinn,Pirita tee 20/4-64,,3,65,460000,7087.83,https://kinnisvara24.ee/korter-muuk-tallinn/240840253,https://src.kv24.ee/uploads/a1/images/429c1094-b440-43c4-8673-1d8c9a41224c.jpg,2025-03-25T10:25:43.000000+02:00
196,840155,"Aiandi tn 7/3, Kadaka, Mustamäe",Tallinn,Aiandi tn 7/3,,3,63,234000,3738.02,https://kinnisvara24.ee/korter-muuk-tallinn/240840155,https://src.kv24.ee/uploads/a1/images/e507701b-df46-46e3-8bfe-8a91d501424e.jpg,2025-03-24T16:35:13.000000+02:00
197,839981,"Köleri 26/1, Kesklinna linnaosa, Tallinn, Harju maakond",Tallinn,Köleri 26/1,,2,54,96000,1764.71,https://kinnisvara24.ee/korter-muuk-tallinn/240839981,https://src.kv24.ee/uploads/a1/images/8094ff2e-9e14-499c-b164-be408db93998.jpg,2025-03-23T20:56:13.000000+02:00
198,838976,"Toom-Kuninga 24/1, Kesklinna linnaosa, Tallinn, Harju maakond",Tallinn,Toom-Kuninga tn 24/1,,1,33,100000,3076.92,https://kinnisvara24.ee/korter-muuk-tallinn/240838976,https://src.kv24.ee/uploads/a1/images/bc3eed60-a7b0-4230-a0ba-038ac3b519ed.jpg,2025-03-16T18:56:17.000000+02:00
199,838475,"Kase tn 68/2, Pirita",Tallinn,Kase tn 68/2,,4,74,220000,2981.03,https://kinnisvara24.ee/korter-muuk-tallinn/240838475,https://src.kv24.ee/uploads/a1/images/6d74e627-8961-4e8f-8136-7136845b4a35.jpg,2025-03-12T13:45:33.000000+02:00
200,837758,"Harju maakond, Tallinn, Haabersti linnaosa, Järveotsa tee 13",Tallinn,Järveotsa tee 13,,2,50,117000,2340,https://kinnisvara24.ee/korter-muuk-tallinn/240837758,https://src.kv24.ee/uploads/a1/images/a1517a47-90c9-4f0e-8372-3889207d8d45.jpg,2025-03-07T14:25:46.000000+02:00
201,837739,"Pirita tee 20/4-51, Kadriorg, Kesklinn",Tallinn,Pirita tee 20/4-51,,2,51,267000,5235.29,https://kinnisvara24.ee/korter-muuk-tallinn/240837739,https://src.kv24.ee/uploads/a1/images/5a24250a-3339-4fef-ab3b-48f77ad64f41.jpg,2025-03-07T13:25:20.000000+02:00
202,837413,"Kase tn 68/2, Pirita",Tallinn,Kase tn 68/2,,2,59,160000,2716.47,https://kinnisvara24.ee/korter-muuk-tallinn/240837413,https://src.kv24.ee/uploads/a1/images/bc15f85e-1a75-4e19-9427-c282eab55cfd.jpg,2025-03-06T22:15:36.000000+02:00
203,837338,"Kase tn 68/2, Maarjamäe, Pirita",Tallinn,Kase tn 68/2,203,3,55,185000,3394.5,https://kinnisvara24.ee/korter-muuk-tallinn/240837338,https://src.kv24.ee/uploads/a1/images/8afeada7-3c1a-4e8b-bf99-b61ee3d7327e.jpg,2025-03-06T14:15:34.000000+02:00
204,836646,"Pille tn 4/3, Kesklinn",Tallinn,Pille tn 4/3,,1,35,190000,5413.11,https://kinnisvara24.ee/korter-muuk-tallinn/240836646,https://src.kv24.ee/uploads/a1/images/06c886bc-294a-49d5-a78d-617b26118772.jpg,2025-03-03T14:25:25.000000+02:00
205,810525,"Regati, Pirita linnaosa, Tallinn, Harju maakond",Tallinn,Regati pst 10,,3,105,377000,3597.33,https://kinnisvara24.ee/korter-muuk-tallinn/240810525,https://src.kv24.ee/uploads/a1/images/25856b2d-6b28-4031-9e90-eff4110a519a.jpg,2024-09-19T14:25:45.000000+03:00
206,836473,"Harju maakond, Tallinn, Pirita linnaosa, Pärnamäe tee 60a",Tallinn,Pärnamäe tee 60a,,2,269,344000,1281.19,https://kinnisvara24.ee/korter-muuk-tallinn/240836473,https://src.kv24.ee/uploads/a1/images/411df634-4857-430d-960f-e4511eb80644.jpg,2025-03-01T23:09:59.000000+02:00
207,836204,"Harju maakond, Tallinn, Kesklinna linnaosa, Mardi tn 14/1",Tallinn,Mardi tn 14/1,,2,48,162000,3389.12,https://kinnisvara24.ee/korter-muuk-tallinn/240836204,https://src.kv24.ee/uploads/a1/images/489f56c0-5cde-42b7-91b8-3f8e3d5e5c68.jpg,2025-02-27T17:32:08.000000+02:00
208,835831,"Luise tn 18/1, Kassisaba, Kesklinn",Tallinn,Luise tn 18/1,,2,44,151050,3432.95,https://kinnisvara24.ee/korter-muuk-tallinn/240835831,https://src.kv24.ee/uploads/a1/images/5418af35-146d-4f68-bf94-48dbc9323f1f.jpg,2025-02-25T13:25:39.000000+02:00
209,835677,"Harju maakond, Tallinn, Pirita linnaosa, Padriku tee 4/7",Tallinn,Padriku tee 4/7,7,3,90,242000,2685.9,https://kinnisvara24.ee/korter-muuk-tallinn/240835677,https://src.kv24.ee/uploads/a1/images/0075ea08-dab5-424a-a8fa-1e03e6198a8f.jpg,2025-02-22T22:29:00.000000+02:00
210,835531,"Jalami tn 10/1, Haabersti",Tallinn,Jalami tn 10/1,,4,84,349000,4154.76,https://kinnisvara24.ee/korter-muuk-tallinn/240835531,https://src.kv24.ee/uploads/a1/images/68d4c35c-25d6-493f-bf62-f2540e17b575.jpg,2025-02-21T13:25:06.000000+02:00
211,835507,"Sõstra tn 4a, Lilleküla, Kristiine",Tallinn,Sõstra tn 4a,,2,48,162000,3382.05,https://kinnisvara24.ee/korter-muuk-tallinn/240835507,https://src.kv24.ee/uploads/a1/images/1b74a877-2f83-4ac2-9cdf-26b3f270ec7c.jpg,2025-02-21T12:15:11.000000+02:00
212,833897,"Järveotsa tee 35, Väike-Õismäe, Haabersti",Tallinn,Järveotsa tee 35,70,1,33,85000,2583.59,https://kinnisvara24.ee/korter-muuk-tallinn/240833897,https://src.kv24.ee/uploads/a1/images/5a8b4296-3a11-4fa8-a450-b2799f7b6286.jpg,2025-02-10T12:15:32.000000+02:00
213,833579,"Harju maakond, Tallinn, Lasnamäe linnaosa, Majaka tn 3",Tallinn,Majaka tn 3,,2,39,109400,2790.82,https://kinnisvara24.ee/korter-muuk-tallinn/240833579,https://src.kv24.ee/uploads/a1/images/7a102d5f-cc0f-4b76-b22b-ab9f75da127d.png,2025-02-07T13:02:46.000000+02:00
214,834384,"Tartu mnt 16b, Kesklinna linnaosa, Tallinn, Harju maakond",Tallinn,Tartu mnt 16b,25,5,179,640000,3577.42,https://kinnisvara24.ee/korter-muuk-tallinn/240834384,https://src.kv24.ee/uploads/a1/images/8d11a53d-57ce-47a3-b282-2c7e85658de5.jpg,2025-02-13T11:00:37.000000+02:00
215,834050,"Narva mnt 174c/4, Priisle, Lasnamäe",Tallinn,Narva mnt 174c/4,,3,92,194900,2118.48,https://kinnisvara24.ee/korter-muuk-tallinn/240834050,https://src.kv24.ee/uploads/a1/images/c9ff55ed-6d58-44cc-9b0f-19c19d8dac72.jpg,2025-02-11T05:35:18.000000+02:00
216,833418,"Harju maakond, Tallinn, Kesklinna linnaosa, Roopa tn 12b",Tallinn,Roopa tn 12b,4,5,105,379000,3609.52,https://kinnisvara24.ee/korter-muuk-tallinn/240833418,https://src.kv24.ee/uploads/a1/images/de2988f5-aa3a-491f-b57a-e4a4a035ca9f.jpg,2025-02-06T14:52:17.000000+02:00
217,846976,"Harju maakond, Tallinn, Põhja-Tallinna linnaosa, Puhangu tn 87",Tallinn,Puhangu tn 87,,4,107,221900,2083.57,https://kinnisvara24.ee/korter-muuk-tallinn/240846976,https://src.kv24.ee/uploads/a1/images/15ac22dd-5dd0-4e8f-b91c-5b4319d5b3ed.jpg,2024-03-18T18:25:04.000000+02:00
218,817409,"Harju maakond, Tallinn, Kesklinna linnaosa, Paldiski mnt 9",Tallinn,Paldiski mnt 9,,2,55,240000,4371.58,https://kinnisvara24.ee/korter-muuk-tallinn/240817409,https://src.kv24.ee/uploads/a1/images/80d3470c-7315-4250-95f0-423bbd48ddc9.jpg,2024-10-28T13:52:21.000000+02:00
219,831910,"Katusepapi tn 7/2, Lasnamäe",Tallinn,Katusepapi tn 7/2,,1,18,59000,3259.67,https://kinnisvara24.ee/korter-muuk-tallinn/240831910,https://src.kv24.ee/uploads/a1/images/dc95da38-7d05-44a5-8e1e-b7d65b44aa98.jpg,2025-01-27T16:45:49.000000+02:00
220,831852,"Heli tn 3/1, Kadaka, Mustamäe",Tallinn,Heli tn 3/1,,1,34,144000,4247.79,https://kinnisvara24.ee/korter-muuk-tallinn/240831852,https://src.kv24.ee/uploads/a1/images/8d1bd824-fa50-4029-8a96-663bb4608743.jpg,2025-01-27T12:35:20.000000+02:00
221,831596,"Saku tn 2a-145, Kitseküla, Kesklinn",Tallinn,Saku tn 2a,145,3,77,299000,3878.08,https://kinnisvara24.ee/korter-muuk-tallinn/240831596,https://src.kv24.ee/uploads/a1/images/03e0f48b-7719-49f4-8a37-258b8abf4b53.jpg,2025-01-24T16:46:36.000000+02:00
222,831267,"Tuvi tn 12/2, Kesklinna linnaosa, Tallinn, Harju maakond",Tallinn,Tuvi tn 12/2,,4,110,479000,4370.44,https://kinnisvara24.ee/korter-muuk-tallinn/240831267,https://src.kv24.ee/uploads/a1/images/ca23a1ca-7b6a-437f-97c9-e7724ab04f44.jpg,2025-01-22T15:56:04.000000+02:00
223,830787,"Kalaranna tn 8/3, Kalamaja, Põhja-Tallinn",Tallinn,Kalaranna tn 8/3,,3,76,460000,6068.6,https://kinnisvara24.ee/korter-muuk-tallinn/240830787,https://src.kv24.ee/uploads/a1/images/c585e8cb-6f07-4336-ae2c-9085168460a2.jpg,2025-01-20T12:15:15.000000+02:00
224,830424,"Rabaveere tn 3/1, Nõmme",Tallinn,Rabaveere tn 3/1,,4,127,698500,5500,https://kinnisvara24.ee/korter-muuk-tallinn/240830424,https://src.kv24.ee/uploads/a1/images/ed3ef5fc-7d08-4455-8608-c3543b46a935.jpg,2025-01-17T11:25:42.000000+02:00
225,830421,"Rabaveere tn 3/1, Nõmme",Tallinn,Rabaveere tn 3/1,,2,65,341850,5300,https://kinnisvara24.ee/korter-muuk-tallinn/240830421,https://src.kv24.ee/uploads/a1/images/009edb92-84f7-487b-8ccb-4aff1b38ea50.jpg,2025-01-17T11:25:40.000000+02:00
226,830422,"Rabaveere tn 3/1, Nõmme",Tallinn,Rabaveere tn 3/1,,4,98,499290,5100,https://kinnisvara24.ee/korter-muuk-tallinn/240830422,https://src.kv24.ee/uploads/a1/images/c56805ac-7da4-4a44-8aae-8a4fc15a7500.jpg,2025-01-17T11:25:40.000000+02:00
227,830423,"Rabaveere tn 3/1, Nõmme",Tallinn,Rabaveere tn 3/1,,3,79,409760,5200,https://kinnisvara24.ee/korter-muuk-tallinn/240830423,https://src.kv24.ee/uploads/a1/images/c2124c07-c83c-4adc-9ffb-756c42613b5a.jpg,2025-01-17T11:25:40.000000+02:00
228,830045,"Harju maakond, Tallinn, Põhja-Tallinna linnaosa, Tööstuse tn 81",Tallinn,Tööstuse tn 81,,3,49,110000,2244.9,https://kinnisvara24.ee/korter-muuk-tallinn/240830045,https://src.kv24.ee/uploads/a1/images/2fa95936-bb10-41b6-8305-d4ad1727c6cd.jpg,2025-01-15T12:25:07.000000+02:00
229,830035,"Padriku tn 4/3, Pirita linnaosa, Tallinn, Harju maakond",Tallinn,Padriku tee 4/3,14,3,95,219000,2295.6,https://kinnisvara24.ee/korter-muuk-tallinn/240830035,https://src.kv24.ee/uploads/a1/images/8aa72014-c994-4316-b511-91e6e0f65e11.jpg,2025-01-15T11:56:38.000000+02:00
230,829573,"Padriku tee 7/2, Pirita",Tallinn,Padriku tee 7/2,,3,88,249000,2829.55,https://kinnisvara24.ee/korter-muuk-tallinn/240829573,https://src.kv24.ee/uploads/a1/images/baa68e87-ca25-4b59-a2cf-b1f5d293ba05.jpg,2025-01-14T15:45:57.000000+02:00
231,829301,"Harju maakond, Tallinn, Kesklinna linnaosa, Liivaoja tn 10/2",Tallinn,Liivaoja tn 10/2,38,2,57,780,13.68,https://kinnisvara24.ee/korter-muuk-tallinn/240829301,https://src.kv24.ee/uploads/a1/images/06c34ea2-1098-4422-b3ca-8739bb0ec6f9.jpg,2025-01-13T13:16:45.000000+02:00
232,796297,"Harju maakond, Tallinn, Haabersti linnaosa, Lesta tn 10/2",Tallinn,Lesta tn 10/2,,3,89,369900,4146.86,https://kinnisvara24.ee/korter-muuk-tallinn/240796297,https://src.kv24.ee/uploads/a1/images/33106dcd-b27a-4d72-91a1-effa437c6887.jpg,2025-03-01T08:27:15.000000+02:00
233,828219,"Uus-Volta 12/3, Põhja-Tallinn",Tallinn,Uus-Volta 12/3,,2,49,249900,5141.98,https://kinnisvara24.ee/korter-muuk-tallinn/240828219,https://src.kv24.ee/uploads/a1/images/c72d4940-d323-4bf4-9648-90db9e0dfe9b.jpg,2025-01-06T14:35:19.000000+02:00
234,827748,"Harju maakond, Tallinn, Pirita linnaosa, Kloostrimetsa tee 70-8",Tallinn,Kloostrimetsa tee 70,8,3,72,371800,5200,https://kinnisvara24.ee/korter-muuk-tallinn/240827748,https://src.kv24.ee/uploads/a1/images/f88fab13-d60a-4d0d-a041-fd455575f231.jpg,2025-01-03T00:40:56.000000+02:00
235,827732,"Harju maakond, Tallinn, Pirita linnaosa, Kloostrimetsa tee 72-1",Tallinn,Kloostrimetsa tee 72,1,4,89,477900,5400,https://kinnisvara24.ee/korter-muuk-tallinn/240827732,https://src.kv24.ee/uploads/a1/images/724932d0-8a3a-483e-816e-3a89e6fb0c7e.jpg,2025-01-02T20:03:43.000000+02:00
236,827723,"Harju maakond, Tallinn, Pirita linnaosa, Kloostrimetsa tee 72-2",Tallinn,Kloostrimetsa tee 72,2,4,89,460200,5200,https://kinnisvara24.ee/korter-muuk-tallinn/240827723,https://src.kv24.ee/uploads/a1/images/3eb67ea9-4359-41fa-94fb-b246891d2144.jpg,2025-01-02T18:05:05.000000+02:00
237,827696,"Harju maakond, Tallinn, Pirita linnaosa, Kloostrimetsa tee 72-5",Tallinn,Kloostrimetsa tee 72,5,4,89,460200,5200,https://kinnisvara24.ee/korter-muuk-tallinn/240827696,https://src.kv24.ee/uploads/a1/images/5182e765-51c6-41f4-a307-b552b8969143.jpg,2025-01-02T16:26:51.000000+02:00
238,827692,"Harju maakond, Tallinn, Pirita linnaosa, Kloostrimetsa tee 70-1",Tallinn,Kloostrimetsa tee 70,1,4,89,477900,5400,https://kinnisvara24.ee/korter-muuk-tallinn/240827692,https://src.kv24.ee/uploads/a1/images/68ff90ae-8cd0-4e2c-a97b-3b8a7ab2826b.jpg,2025-01-02T15:58:10.000000+02:00
239,827686,"Harju maakond, Tallinn, Pirita linnaosa, Kloostrimetsa tee 70-3",Tallinn,Kloostrimetsa tee 70,3,3,71,370760,5200,https://kinnisvara24.ee/korter-muuk-tallinn/240827686,https://src.kv24.ee/uploads/a1/images/29ec1c76-88a4-4f36-9053-f03069f2e1e8.jpg,2025-01-02T15:37:05.000000+02:00
240,826524,"Harju maakond, Tallinn, Pirita linnaosa, Ranna tee 46a/3",Tallinn,Ranna tee 46a/3,,5,105,420000,4019.14,https://kinnisvara24.ee/korter-muuk-tallinn/240826524,https://src.kv24.ee/uploads/a1/images/cdaaaa76-4607-4af8-8b1b-315195c6dedc.jpg,2024-12-20T15:28:56.000000+02:00
241,826244,"Rabaveere 3/1, Nõmme linnaosa, Tallinn, Harju maakond",Tallinn,Rabaveere tn 3/1,,3,79,410800,5200,https://kinnisvara24.ee/korter-muuk-tallinn/240826244,https://src.kv24.ee/uploads/a1/images/5ad31c9d-4551-4165-aa23-74155e764c7e.jpg,2024-12-18T17:25:20.000000+02:00
242,825986,"P.Pinna 17, Lasnamäe linnaosa, Tallinn, Harju maakond",Tallinn,P. Pinna tn 17,,3,66,125000,1885.37,https://kinnisvara24.ee/korter-muuk-tallinn/240825986,https://src.kv24.ee/uploads/a1/images/b3b75556-2d51-4537-abd7-7d61e7b7340d.jpg,2024-12-17T15:25:19.000000+02:00
243,825918,", Nõmme linnaosa, Tallinn, Harju maakond",Tallinn,"",,0,0,300000,0,https://kinnisvara24.ee/korter-muuk-tallinn/240825918,https://src.kv24.ee/uploads/a1/images/f9ed428a-b546-4fcf-91db-7e8be483f38b.jpg,2024-12-17T10:25:12.000000+02:00
244,819099,"Väike-Patarei tn 1/3, Põhja-Tallinn",Tallinn,Väike-Patarei tn 1/3,,2,52,289900,5553.64,https://kinnisvara24.ee/korter-muuk-tallinn/240819099,https://src.kv24.ee/uploads/a1/images/6d68ad5f-7028-4dc5-8d27-81880dfd6c3b.jpg,2024-11-06T18:45:35.000000+02:00
245,825642,"Harju maakond, Tallinn, Mustamäe linnaosa, Sääse tn 1",Tallinn,Sääse tn 1,,2,43,110000,2540.42,https://kinnisvara24.ee/korter-muuk-tallinn/240825642,https://src.kv24.ee/uploads/a1/images/b0b10df3-a414-4416-a682-2ee2fccdcfe4.jpg,2024-12-15T14:12:35.000000+02:00
246,838403,"Harju maakond, Tallinn, Põhja-Tallinna linnaosa, Salme tn 36/1",Tallinn,Salme tn 36/1,1,1,24,89910,3700,https://kinnisvara24.ee/korter-muuk-tallinn/240838403,https://src.kv24.ee/uploads/a1/images/7eca378b-2e5e-4732-86db-703227a5f0a2.jpg,2024-12-14T19:09:33.000000+02:00
247,825442,"Vana-Rannamõisa tee 1f/3, Haabersti linnaosa, Tallinn, Harju maakond",Tallinn,Vana-Rannamõisa tee 1f/3,7,2,53,150000,2857.14,https://kinnisvara24.ee/korter-muuk-tallinn/240825442,https://src.kv24.ee/uploads/a1/images/5921be2c-45e6-42f5-b45d-0f253c7fe616.jpg,2024-12-12T23:55:22.000000+02:00
248,825138,", Mustamäe linnaosa, Tallinn, Harju maakond",Tallinn,"",,0,0,150000,0,https://kinnisvara24.ee/korter-muuk-tallinn/240825138,https://src.kv24.ee/uploads/a1/images/79f70e85-95ed-4700-9caa-17ecf171d214.jpg,2024-12-11T13:25:17.000000+02:00
249,824327,"Harju maakond, Tallinn, Põhja-Tallinna linnaosa, Helme tn 13b",Tallinn,Helme tn 13b,,2,54,189000,3532.71,https://kinnisvara24.ee/korter-muuk-tallinn/240824327,https://src.kv24.ee/uploads/a1/images/0660672a-0ed0-4d0f-88c5-4df2ce224908.jpg,2024-12-05T19:35:28.000000+02:00
250,824215,"Heli tn 7/1, Mustamäe",Tallinn,Heli tn 7/1,,3,66,244900,3693.82,https://kinnisvara24.ee/korter-muuk-tallinn/240824215,https://src.kv24.ee/uploads/a1/images/7af39516-f3ad-4358-962e-010adb823258.jpg,2024-12-05T11:15:09.000000+02:00
251,820722,"Pirita tee 20/4-28, Kesklinna linnaosa, Tallinn, Harju maakond",Tallinn,Pirita tee 20/4-28,,2,52,227000,4365.38,https://kinnisvara24.ee/korter-muuk-tallinn/240820722,https://src.kv24.ee/uploads/a1/images/b37a9f51-d2a1-475f-9079-fd0d3e80f312.jpg,2024-11-15T10:25:57.000000+02:00
252,814701,"Padriku tee 14/6, Mähe, Pirita",Tallinn,Padriku tee 14/6,,3,72,248000,3439.67,https://kinnisvara24.ee/korter-muuk-tallinn/240814701,https://src.kv24.ee/uploads/a1/images/a925520a-bbf3-4efb-9c36-6dfd9ea19945.jpg,2024-10-12T21:35:10.000000+03:00
253,809258,"Graniidi tn 25, Kalamaja, Põhja-Tallinn",Tallinn,Graniidi tn 25,10,1,21,99900,4849.51,https://kinnisvara24.ee/korter-muuk-tallinn/240809258,https://src.kv24.ee/uploads/a1/images/7d8b99d5-378c-4c11-a741-454c2fd6278a.jpg,2024-09-12T16:15:46.000000+03:00
254,808859,"Vana-Rannamõisa tee 1h/1, Haabersti",Tallinn,Vana-Rannamõisa tee 1h/1,,3,72,235000,3282.12,https://kinnisvara24.ee/korter-muuk-tallinn/240808859,https://src.kv24.ee/uploads/a1/images/374c3de9-c914-4625-ab3c-843adb72799c.jpg,2024-09-10T23:45:33.000000+03:00
255,767706,"Roo tn 9/2, Põhja-Tallinn",Tallinn,Roo tn 9/2,,3,61,205000,3344.21,https://kinnisvara24.ee/korter-muuk-tallinn/240767706,https://src.kv24.ee/uploads/a1/images/db1b7be9-c126-4b5d-bfb5-e9d8c912f39a.jpg,2024-03-25T18:45:20.000000+02:00
256,804999,"Muhu 5, Lasnamäe linnaosa, Tallinn, Harju maakond",Tallinn,Muhu tn 5,,3,65,125000,1929.01,https://kinnisvara24.ee/korter-muuk-tallinn/240804999,https://src.kv24.ee/uploads/a1/images/dc94827a-3612-4724-a087-570dcecebae5.jpg,2024-08-22T13:25:06.000000+03:00
257,804903,"Möldre tee 10, Nõmme linnaosa, Tallinn, Harju maakond",Tallinn,Möldre tee 10,,2,58,165000,2854.67,https://kinnisvara24.ee/korter-muuk-tallinn/240804903,https://src.kv24.ee/uploads/a1/images/b5ce5503-eb96-46a7-b721-1def0c4773a7.jpg,2024-08-21T20:56:25.000000+03:00
258,803299,"K. A. Hermanni tn 2, Torupilli, Kesklinn",Tallinn,K. A. Hermanni tn 2,,4,69,220000,3179.19,https://kinnisvara24.ee/korter-muuk-tallinn/240803299,https://src.kv24.ee/uploads/a1/images/acb02e87-f7cb-433f-a603-fd184fb912da.jpg,2024-08-13T14:15:48.000000+03:00
259,801745,"Aiandi 6/1, Mustamäe linnaosa, Tallinn, Harju maakond",Tallinn,Aiandi tn 6/1,,5,126,699000,5565.29,https://kinnisvara24.ee/korter-muuk-tallinn/240801745,https://src.kv24.ee/uploads/a1/images/3ae15ccc-5187-4925-b019-06a5bd2f5be7.jpg,2024-08-06T13:25:31.000000+03:00
260,801150,"Liivalaia tn 25, Tatari, Kesklinn",Tallinn,Liivalaia tn 25,,1,36,146000,4055.56,https://kinnisvara24.ee/korter-muuk-tallinn/240801150,https://src.kv24.ee/uploads/a1/images/59af5634-20ac-4447-bdee-04b3c6d1456e.jpg,2024-08-02T14:12:48.000000+03:00
261,789711,"Mootori tn 7/3, Põhja-Tallinna linnaosa, Tallinn, Harju maakond",Tallinn,Mootori tn 7/3,17,2,51,329000,6476.38,https://kinnisvara24.ee/korter-muuk-tallinn/240789711,https://src.kv24.ee/uploads/a1/images/da85bc05-e755-436f-adc6-011c4aaa7dfa.jpg,2024-06-06T12:01:24.000000+03:00
262,785782,"Pikk tn 44, Kesklinna linnaosa, Tallinn, Harju maakond",Tallinn,Pikk tn 44,,3,75,310000,4133.33,https://kinnisvara24.ee/korter-muuk-tallinn/240785782,https://src.kv24.ee/uploads/a1/images/117b1cef-1410-4e16-9285-e279e87b3ddd.jpg,2024-05-29T16:56:45.000000+03:00
263,785650,"Raua tn 36, Kesklinna linnaosa, Tallinn, Harju maakond",Tallinn,Raua tn 36,9,4,130,398000,3059.19,https://kinnisvara24.ee/korter-muuk-tallinn/240785650,https://src.kv24.ee/uploads/a1/images/aece13ce-f3c8-415c-9ec2-0ae18c689075.jpg,2024-05-29T16:51:33.000000+03:00
264,784410,"Harju maakond, Tallinn, Kesklinna linnaosa, Koidu tn 108",Tallinn,Koidu tn 108,,2,44,205000,4648.53,https://kinnisvara24.ee/korter-muuk-tallinn/240784410,https://src.kv24.ee/uploads/a1/images/2b31a225-d353-425f-b694-37643df38085.jpg,2024-05-27T15:11:18.000000+03:00
265,783429,"Pirita tee 20/4-64, Kesklinna linnaosa, Tallinn, Harju maakond",Tallinn,Pirita tee 20/4-64,,2,65,448000,6860.64,https://kinnisvara24.ee/korter-muuk-tallinn/240783429,https://src.kv24.ee/uploads/a1/images/9844ba26-bb77-41c9-b805-72acf39353b4.jpg,2024-05-23T16:26:07.000000+03:00
266,783428,"Pirita tee 20/4-60, Kesklinna linnaosa, Tallinn, Harju maakond",Tallinn,Pirita tee 20/4-60,,3,62,382000,6131.62,https://kinnisvara24.ee/korter-muuk-tallinn/240783428,https://src.kv24.ee/uploads/a1/images/949ca7a4-ca77-4ebe-ba6d-5d07bd36d195.jpg,2024-05-23T16:26:04.000000+03:00
267,783427,"Pirita tee 20/4-54, Kesklinna linnaosa, Tallinn, Harju maakond",Tallinn,Pirita tee 20/4-54,,2,64,400000,6250,https://kinnisvara24.ee/korter-muuk-tallinn/240783427,https://src.kv24.ee/uploads/a1/images/7a3f0121-8f41-4605-8753-197cbd8ec8ae.jpg,2024-05-23T16:26:00.000000+03:00
268,783426,"Pirita tee 20/4-48, Kesklinna linnaosa, Tallinn, Harju maakond",Tallinn,Pirita tee 20/4-48,,3,88,496000,5655.64,https://kinnisvara24.ee/korter-muuk-tallinn/240783426,https://src.kv24.ee/uploads/a1/images/c47f01e8-613e-4601-9e67-b7dee57a1a42.jpg,2024-05-23T16:25:59.000000+03:00
269,783425,"Pirita tee 20/4-46, Kesklinna linnaosa, Tallinn, Harju maakond",Tallinn,Pirita tee 20/4-46,,3,83,518000,6256.04,https://kinnisvara24.ee/korter-muuk-tallinn/240783425,https://src.kv24.ee/uploads/a1/images/60a27fbf-bcc5-4253-9b5e-2b8a83bee6c6.jpg,2024-05-23T16:25:57.000000+03:00
270,783424,"Pirita tee 20/4-44, Kesklinna linnaosa, Tallinn, Harju maakond",Tallinn,Pirita tee 20/4-44,,2,64,394000,6118.01,https://kinnisvara24.ee/korter-muuk-tallinn/240783424,https://src.kv24.ee/uploads/a1/images/a806a967-1fc3-4df8-bc73-11f2b8888d41.jpg,2024-05-23T16:25:45.000000+03:00
271,783422,"Pirita tee 20/4-38, Kesklinna linnaosa, Tallinn, Harju maakond",Tallinn,Pirita tee 20/4-38,,2,63,301000,4816,https://kinnisvara24.ee/korter-muuk-tallinn/240783422,https://src.kv24.ee/uploads/a1/images/82be7f7a-54a3-4031-803f-1e62420b48aa.jpg,2024-05-23T16:25:44.000000+03:00
272,783423,"Pirita tee 20/4-40, Kesklinna linnaosa, Tallinn, Harju maakond",Tallinn,Pirita tee 20/4-40,,2,51,289000,5666.67,https://kinnisvara24.ee/korter-muuk-tallinn/240783423,https://src.kv24.ee/uploads/a1/images/4f7654ee-88d5-442e-912c-c94a45a36838.jpg,2024-05-23T16:25:44.000000+03:00
273,783421,"Pirita tee 20/4-36, Kesklinna linnaosa, Tallinn, Harju maakond",Tallinn,Pirita tee 20/4-36,,3,92,516000,5584.42,https://kinnisvara24.ee/korter-muuk-tallinn/240783421,https://src.kv24.ee/uploads/a1/images/a6f49601-06da-4422-9360-7fad648fb1cc.jpg,2024-05-23T16:25:42.000000+03:00
274,837062,"Harju maakond, Tallinn, Haabersti linnaosa, Jõeküla tee 18/1",Tallinn,Jõeküla tee 18/1,,4,108,369000,3416.67,https://kinnisvara24.ee/korter-muuk-tallinn/240837062,https://src.kv24.ee/uploads/a1/images/ee97da16-fd1d-47aa-8570-2278be5a6ec5.jpg,2024-05-22T12:43:57.000000+03:00
275,780580,"Vabaõhumuuseomi tee 4/1, Haabersti",Tallinn,Vabaõhumuuseomi tee 4/1,,3,83,260000,3140.1,https://kinnisvara24.ee/korter-muuk-tallinn/240780580,https://src.kv24.ee/uploads/a1/images/d9239fdf-420c-4607-92c5-2ad97033ea50.jpg,2024-05-15T07:35:20.000000+03:00
276,778326,"Lossi plats 5 // Rutu tn 1, Kesklinna linnaosa, Tallinn, Harju maakond",Tallinn,Rutu tn 1,4,2,86,219000,2534.72,https://kinnisvara24.ee/korter-muuk-tallinn/240778326,https://src.kv24.ee/uploads/a1/images/ed9a41d7-e1af-4b14-b954-bdbd3f9c01de.jpg,2024-05-08T22:55:27.000000+03:00
277,777458,"Vabriku tn 23, Põhja-Tallinna linnaosa, Tallinn, Harju maakond",Tallinn,Vabriku tn 23,,2,37,145000,3929.54,https://kinnisvara24.ee/korter-muuk-tallinn/240777458,https://src.kv24.ee/uploads/a1/images/1c751881-0a94-4015-aa88-4cbd13b897d0.jpg,2024-05-07T04:55:43.000000+03:00
278,775784,"Pirita tee 20/4-50, Kesklinna linnaosa, Tallinn, Harju maakond",Tallinn,Pirita tee 20/4-50,,2,52,298000,5741.81,https://kinnisvara24.ee/korter-muuk-tallinn/240775784,https://src.kv24.ee/uploads/a1/images/6720e869-374a-4a8f-a916-5ebff14e5845.jpg,2024-04-29T15:26:18.000000+03:00
279,775785,"Pirita tee 20/4-52, Kesklinna linnaosa, Tallinn, Harju maakond",Tallinn,Pirita tee 20/4-52,,4,102,791000,7770.14,https://kinnisvara24.ee/korter-muuk-tallinn/240775785,https://src.kv24.ee/uploads/a1/images/8e317e29-0b9b-4bcf-8188-3e6b6b5d3be3.jpg,2024-04-29T15:26:18.000000+03:00
280,769225,"Liivalaia tn 11/1, Tatari, Kesklinn",Tallinn,Liivalaia tn 11/1,,2,48,185000,3894.74,https://kinnisvara24.ee/korter-muuk-tallinn/240769225,https://src.kv24.ee/uploads/a1/images/56e07cd3-ac24-42bc-9342-04a3f4b79cc3.jpg,2024-04-02T16:35:11.000000+03:00
281,767591,"Padriku tee 3/2, Pirita linnaosa, Tallinn, Harju maakond",Tallinn,Padriku tee 3/2,6,2,72,172000,2388.89,https://kinnisvara24.ee/korter-muuk-tallinn/240767591,https://src.kv24.ee/uploads/a1/images/b4c611a5-bd7d-4bb8-9055-313ab9c76a00.jpg,2024-03-25T12:55:16.000000+02:00
282,761356,"Pirita tee 20/4, Kesklinna linnaosa, Tallinn, Harju maakond",Tallinn,Pirita tee 20/4-9,,2,48,289000,5971.07,https://kinnisvara24.ee/korter-muuk-tallinn/240761356,https://src.kv24.ee/uploads/a1/images/d66dc4ae-3ddc-4b29-8b95-44842567d81b.jpg,2024-02-26T12:25:11.000000+02:00
283,753399,"Lossi plats 5 // Rutu tn 1, Vanalinn, Tallinn, Harju maakond",Tallinn,Rutu tn 1,4,2,86,219000,2534.72,https://kinnisvara24.ee/korter-muuk-tallinn/240753399,https://src.kv24.ee/uploads/a1/images/3d5a6aa0-5dce-4f2c-9836-a98bcb07fc30.jpg,2024-01-18T13:02:41.000000+02:00
284,742815,"Harju maakond, Tallinn, Nõmme linnaosa, Männiku tee 90",Tallinn,Männiku tee 90,,4,64,250000,3906.25,https://kinnisvara24.ee/korter-muuk-tallinn/240742815,https://s1.kv24.ee/uploads/a1/images/a1dcd2d2-e9c6-4547-aa36-b1ba1cd94eb1.jpg,2023-11-22T11:39:52.000000+02:00
285,738099,"Harju maakond, Tallinn, Kesklinna linnaosa, Wismari tn 19",Tallinn,Wismari tn 19,,5,86,186000,2170.36,https://kinnisvara24.ee/korter-muuk-tallinn/240738099,https://s1.kv24.ee/uploads/a1/images/294ffed9-169b-42cf-944c-05e4612e92f3.jpg,2023-10-31T08:25:17.000000+02:00
286,734117,"Vabaduse pst 181/1, Nõmme linnaosa, Tallinn, Harju maakond",Tallinn,Vabaduse pst 181/1,,1,36,113900,3163.89,https://kinnisvara24.ee/korter-muuk-tallinn/240734117,https://src.kv24.ee/uploads/a1/images/ea1e8c22-c919-4af2-90ad-76b06a65466f.jpg,2023-10-10T20:03:04.000000+03:00
287,733084,"Harju maakond, Tallinn, Lasnamäe linnaosa, K. Kärberi tn 12",Tallinn,K. Kärberi tn 12,56,2,47,109000,2334.05,https://kinnisvara24.ee/korter-muuk-tallinn/240733084,https://s1.kv24.ee/uploads/a1/images/8787e75b-7b3f-424c-bfea-38e38b5ed644.jpg,2023-10-05T18:00:48.000000+03:00
288,707585,"Harju maakond, Tallinn, Kesklinna linnaosa, Virmalise tn 24",Tallinn,Virmalise tn 24,,2,47,150000,3211.99,https://kinnisvara24.ee/korter-muuk-tallinn/240707585,https://s1.kv24.ee/uploads/a1/images/49af8871-d980-40ff-96bf-5265bc623b15.jpg,2023-10-03T19:41:40.000000+03:00
289,724802,"Kiikri tn 6/2, Kadriorg, Kesklinn",Tallinn,Kiikri tn 6/2,12,4,125,825000,6615.88,https://kinnisvara24.ee/korter-muuk-tallinn/240724802,https://src.kv24.ee/uploads/a1/images/74e45625-7f1a-4b65-82d1-921e9a12bd4b.jpg,2023-08-28T20:12:09.000000+03:00
290,708916,"Pirita tee 20/4, Kesklinna linnaosa, Tallinn, Harju maakond",Tallinn,Pirita tee 20/4-23,,4,124,833000,6701.53,https://kinnisvara24.ee/korter-muuk-tallinn/240708916,https://s1.kv24.ee/uploads/a1/images/73ffc2a9-502d-468b-83e4-5b95a5711e8a.jpg,2023-06-28T12:02:22.000000+03:00
291,708918,"Pirita tee 20/4, Kesklinna linnaosa, Tallinn, Harju maakond",Tallinn,Pirita tee 20/4-43,,2,65,391000,5978.59,https://kinnisvara24.ee/korter-muuk-tallinn/240708918,https://s1.kv24.ee/uploads/a1/images/1fea4b93-db8f-46e0-bb76-779fdb1c0f5a.jpg,2023-06-28T12:02:22.000000+03:00
292,708443,"Pirita tee 20/4, Kesklinna linnaosa, Tallinn, Harju maakond",Tallinn,Pirita tee 20/4-59,,3,88,511000,5826.68,https://kinnisvara24.ee/korter-muuk-tallinn/240708443,https://s1.kv24.ee/uploads/a1/images/0843c958-5fba-479e-802f-d1683a087ebf.jpg,2023-06-27T22:09:46.000000+03:00
293,708441,"Pirita tee 20/4, Kesklinna linnaosa, Tallinn, Harju maakond",Tallinn,Pirita tee 20/4-57,,3,82,523000,6347.09,https://kinnisvara24.ee/korter-muuk-tallinn/240708441,https://src.kv24.ee/uploads/a1/images/6df1240b-f52e-4323-a495-17cd1ce844b0.jpg,2023-06-27T22:09:45.000000+03:00
294,708442,"Pirita tee 20/4-58, Kesklinna linnaosa, Tallinn, Harju maakond",Tallinn,Pirita tee 20/4-58,,3,92,539000,5833.33,https://kinnisvara24.ee/korter-muuk-tallinn/240708442,https://src.kv24.ee/uploads/a1/images/5a6561bd-ca36-42a2-8bf4-5ca15a38bf21.jpg,2023-06-27T22:09:45.000000+03:00
295,708305,"Pirita tee 20/4, Kesklinna linnaosa, Tallinn, Harju maakond",Tallinn,Pirita tee 20/4-55,,2,64,385000,6006.24,https://kinnisvara24.ee/korter-muuk-tallinn/240708305,https://s1.kv24.ee/uploads/a1/images/d36e7295-bea4-491d-9569-f9f38fbe527c.jpg,2023-06-27T18:02:16.000000+03:00
296,708298,"Pirita tee 20/4, Kesklinna linnaosa, Tallinn, Harju maakond",Tallinn,Pirita tee 20/4-47,,3,92,531000,5746.75,https://kinnisvara24.ee/korter-muuk-tallinn/240708298,https://s1.kv24.ee/uploads/a1/images/43168111-1d67-49ac-a0e9-83e8c9d63002.jpg,2023-06-27T18:02:14.000000+03:00
297,708300,"Pirita tee 20/4, Kesklinna linnaosa, Tallinn, Harju maakond",Tallinn,Pirita tee 20/4-49,,2,63,359000,5744,https://kinnisvara24.ee/korter-muuk-tallinn/240708300,https://src.kv24.ee/uploads/a1/images/daae3477-6d60-4b15-9d8d-1a18d08a3dee.jpg,2023-06-27T18:02:14.000000+03:00
298,708163,"Pirita tee 20/4, Kesklinna linnaosa, Tallinn, Harju maakond",Tallinn,Pirita tee 20/4-45,,4,124,855000,6878.52,https://kinnisvara24.ee/korter-muuk-tallinn/240708163,https://s1.kv24.ee/uploads/a1/images/dfcf06fb-c48a-42ca-b297-2955c18f1bb3.jpg,2023-06-27T16:02:21.000000+03:00
299,708159,"Pirita tee 20/4, Kesklinna linnaosa, Tallinn, Harju maakond",Tallinn,Pirita tee 20/4-39,,2,52,295000,5673.08,https://kinnisvara24.ee/korter-muuk-tallinn/240708159,https://src.kv24.ee/uploads/a1/images/9ba76007-4b32-4ca5-95cf-41901adf2ab0.jpg,2023-06-27T16:02:18.000000+03:00
300,708161,"Pirita tee 20/4, Kesklinna linnaosa, Tallinn, Harju maakond",Tallinn,Pirita tee 20/4-41,,4,102,785000,7696.08,https://kinnisvara24.ee/korter-muuk-tallinn/240708161,https://src.kv24.ee/uploads/a1/images/dd417388-7327-4eaa-aab4-0cd4fa87f1a6.jpg,2023-06-27T16:02:18.000000+03:00
301,708157,"Pirita tee 20/4, Kesklinna linnaosa, Tallinn, Harju maakond",Tallinn,Pirita tee 20/4-37,,3,88,412000,4697.83,https://kinnisvara24.ee/korter-muuk-tallinn/240708157,https://s1.kv24.ee/uploads/a1/images/85739e7a-6f87-457c-9ffd-ce38037f4122.jpg,2023-06-27T16:02:16.000000+03:00
302,708155,"Pirita tee 20/4, Kesklinna linnaosa, Tallinn, Harju maakond",Tallinn,Pirita tee 20/4-35,,3,82,494000,6002.43,https://kinnisvara24.ee/korter-muuk-tallinn/240708155,https://s1.kv24.ee/uploads/a1/images/e07e8781-275c-4b37-a132-4bdc68623f72.jpg,2023-06-27T16:02:10.000000+03:00
303,708153,"Pirita tee 20/4, Kesklinna linnaosa, Tallinn, Harju maakond",Tallinn,Pirita tee 20/4-33,,2,64,380000,5928.24,https://kinnisvara24.ee/korter-muuk-tallinn/240708153,https://s1.kv24.ee/uploads/a1/images/faee9ed3-6379-4d47-9bf4-2774acf086ca.jpg,2023-06-27T16:02:07.000000+03:00
304,708146,"Pirita tee 20/4, Kesklinna linnaosa, Tallinn, Harju maakond",Tallinn,Pirita tee 20/4-25,,3,92,423000,4577.92,https://kinnisvara24.ee/korter-muuk-tallinn/240708146,https://s1.kv24.ee/uploads/a1/images/b9edec53-609d-4f04-9dda-1fded76bd0f3.jpg,2023-06-27T16:02:05.000000+03:00
305,708147,"Pirita tee 20/4-26, Kesklinna linnaosa, Tallinn, Harju maakond",Tallinn,Pirita tee 20/4-26,,3,87,475000,5447.25,https://kinnisvara24.ee/korter-muuk-tallinn/240708147,https://src.kv24.ee/uploads/a1/images/ee20bf19-f2e3-4c4b-bbf7-cfca6384f586.jpg,2023-06-27T16:02:05.000000+03:00
306,708148,"Pirita tee 20/4, Kesklinna linnaosa, Tallinn, Harju maakond",Tallinn,Pirita tee 20/4-27,,2,63,338000,5408,https://kinnisvara24.ee/korter-muuk-tallinn/240708148,https://src.kv24.ee/uploads/a1/images/39492fe6-18fb-4203-9f1a-382be016e913.jpg,2023-06-27T16:02:05.000000+03:00
307,708149,"Pirita tee 20/4, Kesklinna linnaosa, Tallinn, Harju maakond",Tallinn,Pirita tee 20/4-29,,2,60,317000,5318.79,https://kinnisvara24.ee/korter-muuk-tallinn/240708149,https://src.kv24.ee/uploads/a1/images/a2c1e97f-fb7b-4aed-a7a8-1b257189453a.jpg,2023-06-27T16:02:05.000000+03:00
308,708144,"Pirita tee 20/4-22, Kesklinna linnaosa, Tallinn, Harju maakond",Tallinn,Pirita tee 20/4-22,,2,64,341000,5311.53,https://kinnisvara24.ee/korter-muuk-tallinn/240708144,https://src.kv24.ee/uploads/a1/images/2c11c351-5927-4699-be67-8115d46edfbb.jpg,2023-06-27T16:02:04.000000+03:00
309,707466,"Pirita tee 20/4-13, Kesklinna linnaosa, Tallinn, Harju maakond",Tallinn,Pirita tee 20/4-13,,4,98,654000,6659.88,https://kinnisvara24.ee/korter-muuk-tallinn/240707466,https://src.kv24.ee/uploads/a1/images/b2c99cf3-a50b-470c-b72b-15114ae8e78f.jpg,2023-06-25T22:02:22.000000+03:00
310,707467,"Pirita tee 20/4, Kesklinna linnaosa, Tallinn, Harju maakond",Tallinn,Pirita tee 20/4-12,,3,98,737000,7528.09,https://kinnisvara24.ee/korter-muuk-tallinn/240707467,https://s1.kv24.ee/uploads/a1/images/017698ed-8e52-4893-8fa6-6f8c4a101047.jpg,2023-06-25T22:02:22.000000+03:00
311,707469,"Pirita tee 20/4, Kesklinna linnaosa, Tallinn, Harju maakond",Tallinn,Pirita tee 20/4-16,,4,115,873000,7597.91,https://kinnisvara24.ee/korter-muuk-tallinn/240707469,https://s1.kv24.ee/uploads/a1/images/ff8cece9-6730-4d2e-a718-a07571ff05f3.jpg,2023-06-25T22:02:22.000000+03:00
312,707470,"Pirita tee 20/4-15, Kesklinna linnaosa, Tallinn, Harju maakond",Tallinn,Pirita tee 20/4-15,,4,137,1042000,7600.29,https://kinnisvara24.ee/korter-muuk-tallinn/240707470,https://src.kv24.ee/uploads/a1/images/b797045c-fb46-4b79-adf6-bfe8fe5d3b43.jpg,2023-06-25T22:02:22.000000+03:00
313,707471,"Pirita tee 20/4-17, Kesklinna linnaosa, Tallinn, Harju maakond",Tallinn,Pirita tee 20/4-17,,3,99,746000,7527.75,https://kinnisvara24.ee/korter-muuk-tallinn/240707471,https://s1.kv24.ee/uploads/a1/images/7ca716e8-c783-4e29-8137-7e2fd56c3dab.jpg,2023-06-25T22:02:22.000000+03:00
314,707472,"Pirita tee 20/4, Kesklinna linnaosa, Tallinn, Harju maakond",Tallinn,Pirita tee 20/4-18,,4,134,923000,6898.36,https://kinnisvara24.ee/korter-muuk-tallinn/240707472,https://s1.kv24.ee/uploads/a1/images/4d97c873-860a-4dab-91b6-8f9c0db66806.jpg,2023-06-25T22:02:22.000000+03:00
315,707473,"Pirita tee 20/4-19, Kesklinna linnaosa, Tallinn, Harju maakond",Tallinn,Pirita tee 20/4-19,,2,69,403000,5883.21,https://kinnisvara24.ee/korter-muuk-tallinn/240707473,https://src.kv24.ee/uploads/a1/images/46bf333c-aa98-4897-a7eb-264096304125.jpg,2023-06-25T22:02:22.000000+03:00
316,707465,"Pirita tee 20/4-11, Kesklinna linnaosa, Tallinn, Harju maakond",Tallinn,Pirita tee 20/4-11,,4,113,842000,7425.04,https://kinnisvara24.ee/korter-muuk-tallinn/240707465,https://s1.kv24.ee/uploads/a1/images/3d671352-a314-4643-bec7-57971a48cf3c.jpg,2023-06-25T22:02:16.000000+03:00
317,707454,"Pirita tee 20/4, Kesklinna linnaosa, Tallinn, Harju maakond",Tallinn,Pirita tee 20/4-4,,3,110,714000,6520.55,https://kinnisvara24.ee/korter-muuk-tallinn/240707454,https://s1.kv24.ee/uploads/a1/images/1a401996-e8f4-4fcf-81c5-b4d5f89bb6a4.jpg,2023-06-25T22:02:11.000000+03:00
318,707459,"Pirita tee 20/4-5, Kesklinna linnaosa, Tallinn, Harju maakond",Tallinn,Pirita tee 20/4-5,,4,113,719000,6340.39,https://kinnisvara24.ee/korter-muuk-tallinn/240707459,https://s1.kv24.ee/uploads/a1/images/08689d47-19b0-4654-860c-880e433d70c4.jpg,2023-06-25T22:02:11.000000+03:00
319,707460,"Pirita tee 20/4, Kesklinna linnaosa, Tallinn, Harju maakond",Tallinn,Pirita tee 20/4-6,,3,98,624000,6373.85,https://kinnisvara24.ee/korter-muuk-tallinn/240707460,https://s1.kv24.ee/uploads/a1/images/e4090bc0-cc7b-4c6e-b383-38681ccda4b5.jpg,2023-06-25T22:02:11.000000+03:00
320,707462,"Pirita tee 20/4, Kesklinna linnaosa, Tallinn, Harju maakond",Tallinn,Pirita tee 20/4-10,,3,113,849000,7519.93,https://kinnisvara24.ee/korter-muuk-tallinn/240707462,https://s1.kv24.ee/uploads/a1/images/8cc52de5-2556-4f49-addb-96ec6d1e07c5.jpg,2023-06-25T22:02:11.000000+03:00
321,702926,"Pärnu mnt 129c/1, Kesklinna linnaosa, Tallinn, Harju maakond",Tallinn,Pärnu mnt 129c/1,,2,50,170500,3396.41,https://kinnisvara24.ee/korter-muuk-tallinn/240702926,https://src.kv24.ee/uploads/a1/images/918c270d-706a-4443-8a49-af7fe2b28bb8.jpg,2023-06-05T14:06:34.000000+03:00
322,692801,"Padriku tee 14/5, Pirita",Tallinn,Padriku tee 14/5,,2,65,179000,2749.62,https://kinnisvara24.ee/korter-muuk-tallinn/240692801,https://src.kv24.ee/uploads/a1/images/e41c5822-9d16-4ef9-a304-3aa38e6e3156.jpg,2023-04-28T13:00:49.000000+03:00
323,674077,"Telliskivi tn 31, Pelgulinn, Põhja-Tallinn",Tallinn,Telliskivi tn 31,1,1,19,75000,3989.36,https://kinnisvara24.ee/korter-muuk-tallinn/240674077,https://src.kv24.ee/uploads/a1/images/b6207a63-9c1d-44fd-aab5-f3133bd46d45.jpg,2023-03-01T06:11:45.000000+02:00
324,672398,"Harju maakond, Tallinn, Pirita linnaosa, Kase tn 68/2",Tallinn,Kase tn 68/2,,2,59,175000,2951.1,https://kinnisvara24.ee/korter-muuk-tallinn/240672398,https://s1.kv24.ee/uploads/a1/images/ba0b0559-1f7d-43a5-9709-8b62d5fefc33.jpg,2023-02-22T23:00:41.000000+02:00
325,671425,"Harju maakond, Tallinn, Kristiine linnaosa, Järve tn 31",Tallinn,Järve tn 31,,3,72,169000,2353.76,https://kinnisvara24.ee/korter-muuk-tallinn/240671425,https://src.kv24.ee/uploads/a1/images/f90ef98a-cabe-4f95-98b1-a0f8652c9f88.jpg,2023-02-18T23:52:50.000000+02:00
326,611015,"Luise 26A, Kesklinna linnaosa, Tallinn, Harju maakond",Tallinn,Luise tn 26a,,3,84,268000,3186.68,https://kinnisvara24.ee/korter-muuk-tallinn/240611015,https://s1.kv24.ee/uploads/a1/images/24a22716-6161-4a93-b78d-2e479a27ae34.jpg,2022-07-13T11:01:52.000000+03:00
327,483282,"Harju maakond, Tallinn, Kesklinna linnaosa, Wismari tn 13d // Amandus Adamsoni tänav T1 // Artur Kapi tänav // Kevade tänav // Koidu tänav T1 // Wismari tänav T2",Tallinn,,,2,86,189000,2205.37,https://kinnisvara24.ee/korter-muuk-tallinn/240483282,https://s1.kv24.ee/uploads/a1/images/0c6cfcc1-6e5d-4ab7-9b11-dcb9b652faaf.jpg,2022-06-15T11:57:46.000000+03:00
328,329595,"Tammsaare 139, Mustamäe",Tallinn,Tammsaare 139,,3,63,154998,2448.63,https://kinnisvara24.ee/korter-muuk-tallinn/240329595,https://src.kv24.ee/uploads/a1/images/f83e3f7a-dd9c-4798-b3c6-db349c24ca1d.jpg,2020-01-17T17:00:36.000000+02:00
